0.1519019603729248,-0.49118608236312866,-0.0284576416015625,0.1066884994506836,-0.8702060505747795,-0.2577434778213501
0.36316895484924316,-0.31171005964279175,0.21576106548309326,0.5711929798126221,-0.7051497399806976,0.23002874851226807
0.33858513832092285,-0.3244594931602478,0.23599505424499512,0.5124526023864746,-0.7321399450302124,0.27888011932373047
0.33249056339263916,-0.31869369745254517,0.25197601318359375,0.49965059757232666,-0.7266994714736938,0.3141143321990967
0.3370957374572754,-0.3077281713485718,0.25937891006469727,0.5118181705474854,-0.71124267578125,0.3295249938964844
0.3432748317718506,-0.3069029450416565,0.2521517276763916,0.527411699295044,-0.7079516053199768,0.31153225898742676
0.34079980850219727,-0.3186878561973572,0.23986399173736572,0.5213823318481445,-0.7240597903728485,0.27641308307647705
0.3315157890319824,-0.33639949560165405,0.22841620445251465,0.5009193420410156,-0.747476264834404,0.2527196407318115
0.309598445892334,-0.3596360683441162,0.22372281551361084,0.44997525215148926,-0.7816399037837982,0.24561893939971924
0.28981006145477295,-0.3731807470321655,0.22800755500793457,0.4047030210494995,-0.8023885190486908,0.25720691680908203
0.2726961374282837,-0.3740956783294678,0.2468409538269043,0.3672863245010376,-0.806158110499382,0.2982902526855469
0.25857484340667725,-0.3623576760292053,0.27762770652770996,0.3358360528945923,-0.7919128388166428,0.3658628463745117
0.2454153299331665,-0.3432767987251282,0.31159114837646484,0.3064323663711548,-0.7633492350578308,0.44608402252197266
0.24194610118865967,-0.3182339668273926,0.33944594860076904,0.29438745975494385,-0.7249120026826859,0.5130411386489868
0.2546950578689575,-0.29334378242492676,0.3522111177444458,0.31643903255462646,-0.6874689757823944,0.550012469291687
0.27509236335754395,-0.2791556715965271,0.34841620922088623,0.3540992736816406,-0.6671418845653534,0.5521241426467896
0.29131782054901123,-0.2939745783805847,0.32525742053985596,0.38122832775115967,-0.6915481239557266,0.5044883489608765
0.29764437675476074,-0.30938249826431274,0.3064756393432617,0.3869619369506836,-0.7143845111131668,0.468550443649292
0.29056262969970703,-0.31314611434936523,0.31058216094970703,0.37223052978515625,-0.7192140519618988,0.47401905059814453
0.28419995307922363,-0.305012047290802,0.32512998580932617,0.36675381660461426,-0.7081878483295441,0.4951488971710205
0.2868807315826416,-0.30645519495010376,0.32212352752685547,0.3836851119995117,-0.7131909430027008,0.4753143787384033
0.29840850830078125,-0.31250590085983276,0.30603981018066406,0.4179685115814209,-0.7233189344406128,0.4293701648712158
0.31570863723754883,-0.3061475157737732,0.29536867141723633,0.46202778816223145,-0.7134410738945007,0.4001307487487793
0.3315383195877075,-0.28909075260162354,0.29268741607666016,0.4986380338668823,-0.6880642771720886,0.3983762264251709
0.33994996547698975,-0.2987469434738159,0.2726559638977051,0.5158873796463013,-0.6996954083442688,0.35364198684692383
0.34076201915740967,-0.3175188899040222,0.24932575225830078,0.5154944658279419,-0.7236620783805847,0.30213403701782227
0.33989381790161133,-0.329306960105896,0.23465704917907715,0.5109100341796875,-0.7387609481811523,0.2717137336730957
0.33972930908203125,-0.3447452187538147,0.21505236625671387,0.5071871280670166,-0.7571356147527695,0.2278745174407959
0.34289729595184326,-0.34660959243774414,0.20687174797058105,0.5128282308578491,-0.7581638991832733,0.21122169494628906
0.3455228805541992,-0.3484877347946167,0.19936800003051758,0.5193536281585693,-0.7583968937397003,0.19391417503356934
0.3479658365249634,-0.34977906942367554,0.19301080703735352,0.5265694856643677,-0.7573927938938141,0.1780393123626709
0.3503410816192627,-0.35056638717651367,0.1875612735748291,0.5340163707733154,-0.7554990947246552,0.1637866497039795
0.35234832763671875,-0.351121723651886,0.1831585168838501,0.5406820774078369,-0.7533896267414093,0.1518009901046753
0.35422468185424805,-0.3513677716255188,0.17950546741485596,0.5471606254577637,-0.7508641630411148,0.14141786098480225
0.3521852493286133,-0.3532947897911072,0.17903637886047363,0.5454158782958984,-0.7523750215768814,0.13817858695983887
0.34212207794189453,-0.359099805355072,0.1837153434753418,0.5273940563201904,-0.7622465640306473,0.1460416316986084
0.32547831535339355,-0.3674488067626953,0.19171714782714844,0.49719810485839844,-0.7770808041095734,0.16031098365783691
0.30156922340393066,-0.37792766094207764,0.20213556289672852,0.45383310317993164,-0.7957181036472321,0.17891621589660645
0.27352070808410645,-0.388810932636261,0.2120356559753418,0.40288519859313965,-0.814588338136673,0.19619965553283691
0.24935626983642578,-0.3977261185646057,0.2178819179534912,0.35884737968444824,-0.8291573226451874,0.20558810234069824
0.2337350845336914,-0.40429526567459106,0.21901535987854004,0.33017516136169434,-0.8388079702854156,0.2059645652770996
0.23909568786621094,-0.40607184171676636,0.2130424976348877,0.3223392963409424,-0.8372466117143631,0.13934588432312012
0.24109292030334473,-0.40841466188430786,0.2082681655883789,0.3231067657470703,-0.8375951796770096,0.12253475189208984
0.2448866367340088,-0.40922778844833374,0.20439982414245605,0.3252122402191162,-0.8352989107370377,0.10299229621887207
0.24658846855163574,-0.4088340997695923,0.20377469062805176,0.3117399215698242,-0.8247159123420715,0.05861949920654297
0.24586987495422363,-0.4072381258010864,0.20668673515319824,0.3082869052886963,-0.8223364949226379,0.058127403259277344
0.24489903450012207,-0.4044337272644043,0.21148324012756348,0.30731654167175293,-0.8214507848024368,0.06839847564697266
0.24489831924438477,-0.40102773904800415,0.2163372039794922,0.30796360969543457,-0.8198912292718887,0.07904744148254395
0.2456974983215332,-0.3976190686225891,0.22051739692687988,0.30837345123291016,-0.8170006424188614,0.08463764190673828
0.24660634994506836,-0.39474552869796753,0.22379183769226074,0.31032419204711914,-0.8153033405542374,0.09209680557250977
0.24708843231201172,-0.39291292428970337,0.22590351104736328,0.3114151954650879,-0.8142150193452835,0.09691143035888672
0.24690485000610352,-0.39218515157699585,0.22697949409484863,0.33019399642944336,-0.8228211104869843,0.15024685859680176
0.2460498809814453,-0.39271169900894165,0.22684979438781738,0.3422393798828125,-0.8258698880672455,0.1895143985748291
0.24432992935180664,-0.39420896768569946,0.2259986400604248,0.3458516597747803,-0.8274070918560028,0.20853066444396973
0.24230003356933594,-0.39624959230422974,0.22459816932678223,0.3447153568267822,-0.8294559419155121,0.21384382247924805
0.2445080280303955,-0.3975149989128113,0.2214503288269043,0.3491678237915039,-0.8301497399806976,0.20937561988830566
0.3576807975769043,-0.3544774055480957,0.16966986656188965,0.5532901287078857,-0.7506702691316605,0.11452794075012207
0.357313871383667,-0.35677123069763184,0.16671228408813477,0.5522749423980713,-0.752715066075325,0.10762691497802734
0.35687255859375,-0.3594509959220886,0.1631793975830078,0.5510637760162354,-0.7550488859415054,0.0994257926940918
0.3563997745513916,-0.36223137378692627,0.15942120552062988,0.5497772693634033,-0.7574045807123184,0.09075021743774414
0.3559541702270508,-0.3647702932357788,0.15590357780456543,0.5485744476318359,-0.7594944387674332,0.08267378807067871
0.3527817726135254,-0.3682701587677002,0.1548173427581787,0.5425548553466797,-0.7639730721712112,0.07946658134460449
0.354738712310791,-0.3567819595336914,0.1703662872314453,0.5478692054748535,-0.7542013078927994,0.11531329154968262
0.3549380302429199,-0.3555205464363098,0.17197751998901367,0.5484216213226318,-0.7530604153871536,0.11907649040222168
0.35535597801208496,-0.3528163433074951,0.17537283897399902,0.5495867729187012,-0.7505732327699661,0.12703943252563477
0.3558173179626465,-0.34973299503326416,0.17914986610412598,0.5508849620819092,-0.7476710826158524,0.13594889640808105
0.35623931884765625,-0.346818208694458,0.1826326847076416,0.5520834922790527,-0.7448650896549225,0.14421319961547852
0.355165958404541,-0.34526729583740234,0.18614459037780762,0.5504887104034424,-0.7439699470996857,0.15212106704711914
0.3377566337585449,-0.3526037335395813,0.1977987289428711,0.519279956817627,-0.7585190832614899,0.17425298690795898
0.31211018562316895,-0.36299580335617065,0.21169757843017578,0.4730851650238037,-0.777991384267807,0.19994878768920898
0.28188562393188477,-0.373727023601532,0.22503018379211426,0.4197874069213867,-0.7971044480800629,0.2276613712310791
0.25995802879333496,-0.380892813205719,0.2325272560119629,0.37998342514038086,-0.8096086084842682,0.24083924293518066
0.25472021102905273,-0.3838192820549011,0.23247194290161133,0.3702883720397949,-0.8137758672237396,0.2397899627685547
0.2641925811767578,-0.3835260272026062,0.2262105941772461,0.3871283531188965,-0.8114961087703705,0.2270059585571289
0.28116440773010254,-0.38090014457702637,0.2164301872253418,0.41750431060791016,-0.80470010638237,0.20763945579528809
0.29836344718933105,-0.376900851726532,0.20660662651062012,0.43805408477783203,-0.7974354922771454,0.16290903091430664
0.3115122318267822,-0.37234169244766235,0.19993877410888672,0.4546384811401367,-0.7890833765268326,0.1358017921447754
0.3198833465576172,-0.36780625581741333,0.1973865032196045,0.4667999744415283,-0.7821285873651505,0.12650012969970703
0.3240973949432373,-0.3639485239982605,0.19807815551757812,0.4746279716491699,-0.7773736268281937,0.12957525253295898
0.32505035400390625,-0.3612150549888611,0.2006986141204834,0.4793851375579834,-0.7746809273958206,0.14154410362243652
0.3234539031982422,-0.3596668839454651,0.20443367958068848,0.48244571685791016,-0.7733710706233978,0.16150617599487305
0.3204014301300049,-0.3592068552970886,0.2082056999206543,0.48712921142578125,-0.7717579901218414,0.19159889221191406
0.3158688545227051,-0.37123364210128784,0.19693255424499512,0.47986268997192383,-0.7843399345874786,0.17007088661193848
0.3144643306732178,-0.3718976378440857,0.19748997688293457,0.4773087501525879,-0.78548464179039,0.1710360050201416
0.315993070602417,-0.3727402687072754,0.1946873664855957,0.47985196113586426,-0.785703033208847,0.1649482250213623
0.3208489418029785,-0.3727388381958008,0.18937134742736816,0.48832106590270996,-0.7837922871112823,0.1538677215576172
0.3288273811340332,-0.37108731269836426,0.18255949020385742,0.5024547576904297,-0.7789170891046524,0.1401231288909912
0.33851194381713867,-0.36774635314941406,0.17557406425476074,0.5197663307189941,-0.7714874297380447,0.12645864486694336
0.3481638431549072,-0.36346471309661865,0.1692979335784912,0.5371148586273193,-0.7629236727952957,0.11450338363647461
0.35414576530456543,-0.36043012142181396,0.1656043529510498,0.5478997230529785,-0.7571247965097427,0.10759472846984863
0.35410046577453613,-0.3607017397880554,0.16524386405944824,0.547776460647583,-0.757364884018898,0.10676002502441406
0.3540191650390625,-0.36118870973587036,0.1645946502685547,0.5475549697875977,-0.757793739438057,0.10525870323181152
0.35389232635498047,-0.3619426488876343,0.16358399391174316,0.5472102165222168,-0.7584538012742996,0.10292458534240723
0.35375547409057617,-0.36274778842926025,0.16249728202819824,0.5468392372131348,-0.759153202176094,0.1004183292388916
0.35364556312561035,-0.3633911609649658,0.1616225242614746,0.5465412139892578,-0.7597081214189529,0.0984044075012207
0.35357141494750977,-0.3638206720352173,0.16103601455688477,0.5463409423828125,-0.7600765973329544,0.09705519676208496
0.3535435199737549,-0.36398184299468994,0.16081523895263672,0.5462658405303955,-0.7602143436670303,0.09654760360717773
0.35352492332458496,-0.36408936977386475,0.16066765785217285,0.5462155342102051,-0.7603061944246292,0.09620881080627441
0.35350608825683594,-0.36419713497161865,0.16052007675170898,0.5461649894714355,-0.7603981643915176,0.09586906433105469
0.353440523147583,-0.3645743131637573,0.16000127792358398,0.5459883213043213,-0.7607190161943436,0.09467768669128418
0.3472435474395752,-0.36885470151901245,0.16199040412902832,0.534630298614502,-0.7676348239183426,0.0977022647857666
0.33634114265441895,-0.3763723373413086,0.16473007202148438,0.5146021842956543,-0.7794745117425919,0.10145258903503418
0.324474573135376,-0.38507843017578125,0.16573619842529297,0.49265265464782715,-0.7923119813203812,0.10132098197937012
0.3141169548034668,-0.3935868740081787,0.16408824920654297,0.45931243896484375,-0.8025829941034317,0.06452584266662598
0.30827856063842773,-0.3996628522872925,0.16041326522827148,0.4407176971435547,-0.8070754408836365,0.03897500038146973
0.30977964401245117,-0.39263463020324707,0.17094039916992188,0.44025588035583496,-0.8018144965171814,0.05338096618652344
0.31391143798828125,-0.3886220455169678,0.17278718948364258,0.44615602493286133,-0.7971762418746948,0.05502796173095703
0.31911706924438477,-0.3818489909172058,0.17758870124816895,0.4556436538696289,-0.7908157855272293,0.06632733345031738
0.32254838943481445,-0.3761451244354248,0.18238520622253418,0.46245765686035156,-0.7858449369668961,0.07825136184692383
0.3230466842651367,-0.3730776309967041,0.1863858699798584,0.46404504776000977,-0.783786728978157,0.08784699440002441
0.32076096534729004,-0.3725745677947998,0.18970727920532227,0.460463285446167,-0.7846049219369888,0.0949094295501709
0.31676697731018066,-0.37379950284957886,0.19234561920166016,0.4536557197570801,-0.7872745543718338,0.09975910186767578
0.3125636577606201,-0.3757206201553345,0.19409990310668945,0.4462747573852539,-0.790422335267067,0.10235929489135742
0.3096277713775635,-0.37749624252319336,0.19463777542114258,0.44079113006591797,-0.7928349524736404,0.10210418701171875
0.24621915817260742,-0.39911437034606934,0.2181098461151123,0.3318753242492676,-0.8292849212884903,0.1413719654083252
0.24593806266784668,-0.399594783782959,0.21763372421264648,0.3313736915588379,-0.8297187834978104,0.14039039611816406
0.24522852897644043,-0.3997761011123657,0.21786141395568848,0.3301093578338623,-0.8300135880708694,0.140639066696167
0.2440638542175293,-0.39945971965789795,0.21908044815063477,0.32859015464782715,-0.8301908522844315,0.1442584991455078
0.24278736114501953,-0.39826589822769165,0.22156071662902832,0.3282475471496582,-0.8300594389438629,0.15430569648742676
0.2421870231628418,-0.3961228132247925,0.22484040260314941,0.3296365737915039,-0.8289787471294403,0.1677379608154297
0.24254965782165527,-0.3936188817024231,0.227919340133667,0.33199453353881836,-0.8270528018474579,0.17885804176330566
0.24315595626831055,-0.3914211392402649,0.23038792610168457,0.3341810703277588,-0.8251372277736664,0.18706154823303223
0.2432723045349121,-0.3897899389266968,0.23240160942077637,0.33542490005493164,-0.8237420618534088,0.19411706924438477
0.24321532249450684,-0.3884914517402649,0.23407936096191406,0.3368353843688965,-0.8226316869258881,0.20198798179626465
0.24355387687683105,-0.3869660496711731,0.23577666282653809,0.33934760093688965,-0.8211245834827423,0.21123719215393066
0.24433422088623047,-0.3851401209831238,0.2375490665435791,0.3418846130371094,-0.8191761672496796,0.21834063529968262
0.244964599609375,-0.3834311366081238,0.23924541473388672,0.3408491611480713,-0.8175866901874542,0.21500778198242188
0.24478816986083984,-0.38218754529953003,0.24085640907287598,0.334975004196167,-0.8164291679859161,0.20119667053222656
0.2441997528076172,-0.38116317987442017,0.24244117736816406,0.3323047161102295,-0.8154968321323395,0.1992642879486084
0.2510497570037842,-0.3777468204498291,0.2422330379486084,0.33731746673583984,-0.8101764023303986,0.18030595779418945
0.36075878143310547,-0.3325159549713135,0.1952836513519287,0.49865245819091797,-0.7358278036117554,0.0664527416229248
0.3616187572479248,-0.32531899213790894,0.2027580738067627,0.5014300346374512,-0.731347382068634,0.08500337600708008
0.3590397834777832,-0.3247388005256653,0.20656299591064453,0.49538564682006836,-0.7321308255195618,0.08945655822753906
0.3590397834777832,-0.3247388005256653,0.20656299591064453,0.49538564682006836,-0.7321308255195618,0.08945655822753906
0.36025524139404297,-0.3132856488227844,0.21750736236572266,0.4995143413543701,-0.7242099940776825,0.11740493774414062
0.36025524139404297,-0.3132856488227844,0.21750736236572266,0.4995143413543701,-0.7242099940776825,0.11740493774414062
0.36025524139404297,-0.3132856488227844,0.21750736236572266,0.4995143413543701,-0.7242099940776825,0.11740493774414062
0.3556675910949707,-0.3501706123352051,0.17873501777648926,0.48499560356140137,-0.7463234663009644,0.021860599517822266
0.35064125061035156,-0.3649981617927551,0.1633906364440918,0.48151087760925293,-0.7564651370048523,-0.003639817237854004
0.3414936065673828,-0.382560133934021,0.14646148681640625,0.46671104431152344,-0.7676421254873276,-0.03875434398651123
0.3231499195098877,-0.41088372468948364,0.1151728630065918,0.4293818473815918,-0.7786070555448532,-0.1123504638671875
0.2983670234680176,-0.4231249690055847,0.12454938888549805,0.3835902214050293,-0.7938362807035446,-0.10692977905273438
0.25878334045410156,-0.4387916326522827,0.1376349925994873,0.3199162483215332,-0.8185167759656906,-0.08673977851867676
0.21646952629089355,-0.4509023427963257,0.1493668556213379,0.25229907035827637,-0.8378695100545883,-0.0679924488067627
0.2067427635192871,-0.45525336265563965,0.14683055877685547,0.23626947402954102,-0.840853676199913,-0.07387971878051758
0.21069550514221191,-0.45439064502716064,0.1458754539489746,0.24341511726379395,-0.8407049626111984,-0.07312929630279541
0.21069550514221191,-0.45439064502716064,0.1458754539489746,0.24842333793640137,-0.8478632420301437,-0.05913269519805908
0.21691536903381348,-0.4529581069946289,0.14433717727661133,0.2638077735900879,-0.8522244542837143,-0.04713034629821777
0.23018646240234375,-0.4495903253555298,0.14090847969055176,0.2912569046020508,-0.8525243848562241,-0.038498878479003906
0.2384796142578125,-0.4373738765716553,0.1602792739868164,0.31261730194091797,-0.8522065281867981,0.01643967628479004
0.24556493759155273,-0.41110295057296753,0.20104575157165527,0.3344156742095947,-0.8397392779588699,0.11950540542602539
0.2479550838470459,-0.3999043107032776,0.2158205509185791,0.3452565670013428,-0.8317115008831024,0.1673722267150879
0.2491469383239746,-0.39303553104400635,0.22436976432800293,0.35271143913269043,-0.8254242241382599,0.20014715194702148
0.24921774864196777,-0.3881680369377136,0.23064708709716797,0.3567643165588379,-0.8202206790447235,0.22459721565246582
0.24732327461242676,-0.38436591625213623,0.23662686347961426,0.3558034896850586,-0.816164180636406,0.24401569366455078
0.24457359313964844,-0.38080543279647827,0.24263930320739746,0.3526570796966553,-0.8123485893011093,0.26163268089294434
0.25017595291137695,-0.37474244832992554,0.24627971649169922,0.3556525707244873,-0.8073474615812302,0.2464280128479004
0.36138176918029785,-0.32735729217529297,0.2006821632385254,0.5386660099029541,-0.7315408885478973,0.14170527458190918
0.3618509769439697,-0.3232819437980652,0.2048015594482422,0.53566575050354,-0.7287316024303436,0.1442105770111084
0.3618509769439697,-0.3232819437980652,0.2048015594482422,0.5414092540740967,-0.7276023328304291,0.15424227714538574
0.3590397834777832,-0.3247388005256653,0.20656299591064453,0.5351285934448242,-0.7304267585277557,0.1547715663909912
0.3590397834777832,-0.3247388005256653,0.20656299591064453,0.5365464687347412,-0.7301237881183624,0.1573014259338379
0.3590397834777832,-0.3247388005256653,0.20656299591064453,0.5334854125976562,-0.7307542264461517,0.15185880661010742
0.36025524139404297,-0.3132856488227844,0.21750736236572266,0.5351943969726562,-0.7206255495548248,0.17575931549072266
0.36007142066955566,-0.3133767247200012,0.21762537956237793,0.5349991321563721,-0.7207514941692352,0.17617225646972656
0.35970211029052734,-0.3135591149330139,0.21786165237426758,0.5362484455108643,-0.7205755412578583,0.17989635467529297
0.36025524139404297,-0.3132856488227844,0.21750736236572266,0.5397772789001465,-0.719379335641861,0.18386077880859375
0.36025524139404297,-0.3132856488227844,0.21750736236572266,0.5404624938964844,-0.7191753685474396,0.18508577346801758
0.36025524139404297,-0.3132856488227844,0.21750736236572266,0.5393528938293457,-0.7195034325122833,0.1831035614013672
0.36025524139404297,-0.3132856488227844,0.21750736236572266,0.5375580787658691,-0.720007985830307,0.1799182891845703
0.36025524139404297,-0.3132856488227844,0.21750736236572266,0.5290741920471191,-0.7219836413860321,0.1651761531829834
0.35821056365966797,-0.3303927779197693,0.20102691650390625,0.5233831405639648,-0.7367562353610992,0.1244819164276123
0.3526041507720947,-0.35332655906677246,0.17836880683898926,0.5135369300842285,-0.7553112059831619,0.07453560829162598
0.34650182723999023,-0.36743903160095215,0.16533660888671875,0.5061628818511963,-0.767380952835083,0.0520787239074707
0.33702945709228516,-0.3848820924758911,0.14883112907409668,0.49231386184692383,-0.7825585007667542,0.022289276123046875
0.32048702239990234,-0.4122973680496216,0.11622834205627441,0.46306610107421875,-0.8027611821889877,-0.043401360511779785
0.3016643524169922,-0.42161107063293457,0.12335777282714844,0.43233752250671387,-0.8201867341995239,-0.026088953018188477
0.274324893951416,-0.43317312002182007,0.13275647163391113,0.3858633041381836,-0.8414803743362427,-0.005506753921508789
0.24404191970825195,-0.4456087350845337,0.13710927963256836,0.333343505859375,-0.8612276315689087,0.0046007633209228516
0.22383952140808105,-0.4512544870376587,0.14257359504699707,0.2986459732055664,-0.872101366519928,0.017816781997680664
0.21581363677978516,-0.45321857929229736,0.14461278915405273,0.28526782989501953,-0.8762959241867065,0.024387836456298828
0.2159898281097412,-0.4531770944595337,0.14456892013549805,0.28645968437194824,-0.8768873810768127,0.02719736099243164
0.21932172775268555,-0.45237910747528076,0.14373040199279785,0.2933776378631592,-0.8761537075042725,0.02882528305053711
0.22262787818908691,-0.45156097412109375,0.14288616180419922,0.3003115653991699,-0.8753762245178223,0.03055548667907715
0.2288227081298828,-0.43281346559524536,0.17669224739074707,0.31525754928588867,-0.8638013154268265,0.10562324523925781
0.23041677474975586,-0.41681820154190063,0.20263671875,0.3213632106781006,-0.8510976731777191,0.16518759727478027
0.22730255126953125,-0.40790480375289917,0.21785449981689453,0.3171977996826172,-0.8436030447483063,0.1989285945892334
0.22239971160888672,-0.40246766805648804,0.22820115089416504,0.30924272537231445,-0.8391449749469757,0.22160696983337402
0.21883869171142578,-0.39865630865097046,0.23514890670776367,0.3043947219848633,-0.8356042206287384,0.24054265022277832
0.23477578163146973,-0.3922221064567566,0.23448777198791504,0.3336818218231201,-0.8263237774372101,0.24124598503112793
0.2355327606201172,-0.38986605405807495,0.23700976371765137,0.33534717559814453,-0.8236939162015915,0.24715232849121094
0.2363743782043457,-0.3882775902748108,0.23848915100097656,0.33705949783325195,-0.8218511193990707,0.2506885528564453
0.23767995834350586,-0.3874351978302002,0.23875832557678223,0.33514904975891113,-0.8219099938869476,0.23680424690246582
0.24024510383605957,-0.3870982527732849,0.2376401424407959,0.3324923515319824,-0.8219245970249176,0.2113947868347168
0.24492812156677246,-0.3866356611251831,0.23532938957214355,0.33451151847839355,-0.820279985666275,0.18842768669128418
0.24914121627807617,-0.3856959939002991,0.23381400108337402,0.3390836715698242,-0.8182075321674347,0.17798876762390137
0.2503213882446289,-0.383966863155365,0.23519587516784668,0.3448452949523926,-0.8168995082378387,0.1915276050567627
0.24823999404907227,-0.3807789087295532,0.2404029369354248,0.33031582832336426,-0.8127510249614716,0.17014598846435547
0.24593830108642578,-0.37411850690841675,0.24957776069641113,0.32006406784057617,-0.8058622181415558,0.16973376274108887
0.24630236625671387,-0.3650662899017334,0.25929951667785645,0.3234257698059082,-0.7990628182888031,0.19628047943115234
0.24836087226867676,-0.36459511518478394,0.25859904289245605,0.3321223258972168,-0.7992196381092072,0.21004080772399902
0.250715970993042,-0.3640454411506653,0.25778722763061523,0.33957672119140625,-0.7986069619655609,0.21864008903503418
0.25412917137145996,-0.3507130742073059,0.2693674564361572,0.3470766544342041,-0.7856068462133408,0.2469935417175293
0.3208343982696533,-0.33047401905059814,0.24030137062072754,0.45587921142578125,-0.7518984973430634,0.19093823432922363
0.3593277931213379,-0.3137436509132385,0.21810126304626465,0.517524003982544,-0.7242633402347565,0.1493995189666748
0.36092185974121094,-0.33119213581085205,0.19668936729431152,0.5211930274963379,-0.7362824380397797,0.10456204414367676
0.3519022464752197,-0.35389530658721924,0.17849278450012207,0.5147039890289307,-0.7561751157045364,0.07879877090454102
0.34814000129699707,-0.3652140498161316,0.16659045219421387,0.5100698471069336,-0.7652245759963989,0.05685114860534668
0.3420543670654297,-0.37641334533691406,0.1566934585571289,0.4933004379272461,-0.7738325595855713,0.024576425552368164
0.3343472480773926,-0.3890695571899414,0.14489054679870605,0.48094725608825684,-0.784391462802887,0.001707315444946289
0.32597923278808594,-0.4038681983947754,0.1270763874053955,0.46768760681152344,-0.7950226068496704,-0.031635165214538574
0.32048702239990234,-0.4122973680496216,0.11622834205627441,0.4591257572174072,-0.8009841293096542,-0.05102682113647461
0.3191959857940674,-0.4129739999771118,0.11673569679260254,0.4583878517150879,-0.8028624504804611,-0.04723060131072998
0.3200187683105469,-0.4125434160232544,0.11641263961791992,0.4609105587005615,-0.8026025146245956,-0.045685410499572754
0.3203544616699219,-0.4141714572906494,0.11170005798339844,0.46204638481140137,-0.8025923818349838,-0.05360293388366699
0.31859540939331055,-0.41509878635406494,0.1123812198638916,0.45993947982788086,-0.8046681135892868,-0.05049896240234375
0.31098103523254395,-0.4189915657043457,0.11527299880981445,0.44818115234375,-0.8122652024030685,-0.042157530784606934
0.29453086853027344,-0.42675554752349854,0.1212158203125,0.42212796211242676,-0.8274186253547668,-0.02527785301208496
0.2745232582092285,-0.4108020067214966,0.1773533821105957,0.3966350555419922,-0.8330498486757278,0.10616445541381836
0.24817347526550293,-0.40590041875839233,0.20702791213989258,0.3555915355682373,-0.8372443616390228,0.18102598190307617
0.23094439506530762,-0.40196365118026733,0.22394609451293945,0.3255307674407959,-0.837019294500351,0.21671295166015625
0.24014520645141602,-0.394586980342865,0.22816944122314453,0.34291744232177734,-0.8278419673442841,0.22759175300598145
0.24408292770385742,-0.39015668630599976,0.23142266273498535,0.3505253791809082,-0.8225044310092926,0.23563075065612793
0.2478189468383789,-0.386868417263031,0.2332000732421875,0.3537020683288574,-0.8193398416042328,0.22775769233703613
0.24970722198486328,-0.38481348752975464,0.23454570770263672,0.351909875869751,-0.8177378475666046,0.21445775032043457
0.25028061866760254,-0.3837295174598694,0.23551511764526367,0.3501863479614258,-0.8167893588542938,0.20812153816223145
0.25035595893859863,-0.38356173038482666,0.2356729507446289,0.347898006439209,-0.8166574537754059,0.2012336254119873
0.2502315044403076,-0.3840886950492859,0.23510360717773438,0.34441685676574707,-0.8170047104358673,0.19054937362670898
0.25014185905456543,-0.3849998712539673,0.23403167724609375,0.3409409523010254,-0.81742063164711,0.17889404296875
0.2502613067626953,-0.38526540994644165,0.23362278938293457,0.3444812297821045,-0.8180326521396637,0.1877145767211914
0.2501649856567383,-0.38390737771987915,0.23537063598632812,0.3326566219329834,-0.8146158158779144,0.15818428993225098
0.24913811683654785,-0.37997472286224365,0.2407996654510498,0.3184645175933838,-0.8069127947092056,0.13501572608947754
0.24778509140014648,-0.37053388357162476,0.2524909973144531,0.3165755271911621,-0.8002003729343414,0.15800809860229492
0.2465367317199707,-0.365013062953949,0.2592203617095947,0.3188600540161133,-0.7976188361644745,0.1824474334716797
0.24616050720214844,-0.36509841680526733,0.25934767723083496,0.33251333236694336,-0.800413578748703,0.22306609153747559
0.2462329864501953,-0.3650820255279541,0.2593231201171875,0.34431982040405273,-0.7994206994771957,0.2582285404205322
0.24615812301635742,-0.3650990128517151,0.25934839248657227,0.3509187698364258,-0.7974058240652084,0.279555082321167
0.24622440338134766,-0.3650839924812317,0.2593259811401367,0.35413146018981934,-0.7960287183523178,0.28957343101501465
0.2478041648864746,-0.3521425724029541,0.27159738540649414,0.3594658374786377,-0.780198261141777,0.32231640815734863
0.2480783462524414,-0.3520823121070862,0.2715024948120117,0.35942721366882324,-0.780431792140007,0.32039427757263184
0.2482738494873047,-0.352039098739624,0.2714347839355469,0.3582463264465332,-0.7812917083501816,0.3152599334716797
0.24813175201416016,-0.35207051038742065,0.2714841365814209,0.3558506965637207,-0.7825415581464767,0.3084118366241455
0.24776697158813477,-0.35215073823928833,0.2716104984283447,0.3530724048614502,-0.7837422341108322,0.3018076419830322
0.24216651916503906,-0.39563000202178955,0.2255103588104248,0.3356754779815674,-0.829321414232254,0.1875607967376709
0.33652281761169434,-0.373677134513855,0.16888642311096191,0.4991741180419922,-0.7779703885316849,0.07743215560913086
0.3321852684020996,-0.38919001817703247,0.14785456657409668,0.4894888401031494,-0.7889464497566223,0.030710697174072266
0.3233792781829834,-0.41076087951660156,0.1150815486907959,0.47095394134521484,-0.8012348264455795,-0.03991568088531494
0.3182499408721924,-0.41346609592437744,0.11710572242736816,0.46175599098205566,-0.8059346526861191,-0.03666961193084717
0.3145289421081543,-0.41537225246429443,0.11854672431945801,0.45477819442749023,-0.8091091960668564,-0.034990787506103516
0.31380319595336914,-0.4175715446472168,0.1142120361328125,0.45289158821105957,-0.8096465915441513,-0.044545650482177734
0.31764864921569824,-0.4155935049057007,0.11274576187133789,0.4599263668060303,-0.8062875717878342,-0.04658937454223633
0.3234682083129883,-0.41250354051589966,0.11048150062561035,0.47098684310913086,-0.8011966794729233,-0.0489811897277832
0.32773590087890625,-0.41016191244125366,0.10878539085388184,0.47986817359924316,-0.7976175397634506,-0.04934847354888916
0.3275146484375,-0.4102848768234253,0.10887408256530762,0.48122501373291016,-0.7985211461782455,-0.04578101634979248
0.32047080993652344,-0.4141097068786621,0.11165452003479004,0.4704461097717285,-0.8059852570295334,-0.03738689422607422
0.3049356937408447,-0.42194533348083496,0.11750435829162598,0.44411468505859375,-0.8204846978187561,-0.024156808853149414
0.2868208885192871,-0.4071471691131592,0.17139506340026855,0.4169650077819824,-0.8253131657838821,0.09094595909118652
0.26160669326782227,-0.40208345651626587,0.20255756378173828,0.37523651123046875,-0.8304331004619598,0.15923094749450684
0.24041962623596191,-0.3994300961494446,0.22150969505310059,0.3399677276611328,-0.8330583870410919,0.2033708095550537
0.22881865501403809,-0.3960232138633728,0.23307514190673828,0.32151198387145996,-0.8315460979938507,0.23346233367919922
0.23965215682983398,-0.38893014192581177,0.23572087287902832,0.34174633026123047,-0.8223107755184174,0.24123406410217285
0.24152565002441406,-0.3848496675491333,0.2396240234375,0.345625638961792,-0.8176501244306564,0.2505474090576172
0.24407219886779785,-0.3820430636405945,0.24146795272827148,0.35159945487976074,-0.8137941211462021,0.2588229179382324
0.24631524085998535,-0.38124555349349976,0.2410445213317871,0.3556976318359375,-0.8125376552343369,0.25821805000305176
0.24829983711242676,-0.38231682777404785,0.2385108470916748,0.359083890914917,-0.8133606165647507,0.2526707649230957
0.2498760223388672,-0.38383132219314575,0.23565125465393066,0.35234713554382324,-0.8167584836483002,0.21704745292663574
0.25034070014953613,-0.384554922580719,0.23445534706115723,0.3446171283721924,-0.8173922598361969,0.1893320083618164
0.24940729141235352,-0.3837502598762512,0.236053466796875,0.33983922004699707,-0.8165332973003387,0.18320202827453613
0.24809503555297852,-0.3815454840660095,0.23957276344299316,0.3387575149536133,-0.8150334656238556,0.19330334663391113
0.24749374389648438,-0.3791213631629944,0.24284100532531738,0.3394765853881836,-0.8131265938282013,0.20475101470947266
0.24753069877624512,-0.3784945607185364,0.24355673789978027,0.33954787254333496,-0.8125536143779755,0.20616793632507324
0.24774956703186035,-0.3805275559425354,0.2410109043121338,0.33879804611206055,-0.8142623603343964,0.1979215145111084
0.2476813793182373,-0.3839791417121887,0.23687481880187988,0.337552547454834,-0.8171866834163666,0.18660688400268555
0.24695682525634766,-0.38733094930648804,0.23317289352416992,0.33594727516174316,-0.8201684057712555,0.17835783958435059
0.24536514282226562,-0.3893830180168152,0.23159360885620117,0.33435583114624023,-0.8224436342716217,0.17857027053833008
0.24342966079711914,-0.3894977569580078,0.23267388343811035,0.33270978927612305,-0.8231839835643768,0.18558192253112793
0.24431753158569336,-0.3877270817756653,0.23434948921203613,0.3285789489746094,-0.8205090463161469,0.17212319374084473
0.30815958976745605,-0.3663634657859802,0.21122384071350098,0.43790149688720703,-0.7853778153657913,0.13463163375854492
0.3488483428955078,-0.3592257499694824,0.1748027801513672,0.5107071399688721,-0.7613050490617752,0.07279157638549805
0.3455479145050049,-0.3621326684951782,0.17486834526062012,0.5114381313323975,-0.7652806788682938,0.08417916297912598
0.33902502059936523,-0.36701470613479614,0.1760263442993164,0.5039362907409668,-0.7722188979387283,0.09304285049438477
0.3308241367340088,-0.3724651336669922,0.17805719375610352,0.49047327041625977,-0.7803497463464737,0.09796524047851562
0.3223249912261963,-0.377488374710083,0.18059992790222168,0.4747018814086914,-0.788115456700325,0.1003565788269043
0.3149228096008301,-0.38156384229660034,0.18286395072937012,0.4605703353881836,-0.7944368869066238,0.101654052734375
0.3100857734680176,-0.3842974901199341,0.1840357780456543,0.4516599178314209,-0.7985314279794693,0.10255312919616699
0.30854082107543945,-0.38558995723724365,0.18372893333435059,0.4494009017944336,-0.8001712709665298,0.10277628898620605
0.3100597858428955,-0.38583946228027344,0.18166851997375488,0.45337915420532227,-0.7997709065675735,0.1017141342163086
0.3130199909210205,-0.3858194947242737,0.17836642265319824,0.46041345596313477,-0.7985116988420486,0.09941840171813965
0.31543827056884766,-0.38655900955200195,0.17437052726745605,0.4665560722351074,-0.7979682832956314,0.09576892852783203
0.3151113986968994,-0.3889716863632202,0.17077994346618652,0.4676351547241211,-0.7998757511377335,0.09225153923034668
0.31066226959228516,-0.3935481905937195,0.16834402084350586,0.46085357666015625,-0.8052780777215958,0.0896456241607666
0.3018946647644043,-0.39923328161239624,0.16873884201049805,0.4459347724914551,-0.8134437948465347,0.09157347679138184
0.292694091796875,-0.4032015800476074,0.1720438003540039,0.42999935150146484,-0.8204052597284317,0.09882712364196777
0.29070138931274414,-0.40211695432662964,0.17601275444030762,0.41785311698913574,-0.8191674500703812,0.08560442924499512
0.300706148147583,-0.3950979709625244,0.17706990242004395,0.43441319465637207,-0.8099646717309952,0.08607292175292969
0.31760358810424805,-0.38466382026672363,0.17488360404968262,0.4617908000946045,-0.7948025614023209,0.07860898971557617
0.33301258087158203,-0.374802827835083,0.1716594696044922,0.48592472076416016,-0.7801195532083511,0.06866121292114258
0.34265685081481934,-0.3683243989944458,0.16921377182006836,0.5001428127288818,-0.7703771740198135,0.060474395751953125
0.3463249206542969,-0.3658103942871094,0.1681690216064453,0.5044713020324707,-0.7664726376533508,0.05533313751220703
0.345059871673584,-0.3667914867401123,0.16836214065551758,0.5007972717285156,-0.7676271796226501,0.05282425880432129
0.34072232246398926,-0.3696441650390625,0.16973114013671875,0.4925835132598877,-0.771760880947113,0.05348706245422363
0.33510589599609375,-0.37263786792755127,0.17238926887512207,0.48290014266967773,-0.7767595648765564,0.05786871910095215
0.3291597366333008,-0.3748718500137329,0.17640304565429688,0.47284412384033203,-0.7814277559518814,0.06531977653503418
0.3230302333831787,-0.37658679485321045,0.18114972114562988,0.46276116371154785,-0.785779133439064,0.07480406761169434
0.31600046157836914,-0.3785914182662964,0.18616700172424316,0.45221924781799316,-0.7907517701387405,0.08696699142456055
0.3081965446472168,-0.38110852241516113,0.19087767601013184,0.44103312492370605,-0.7963065057992935,0.10011696815490723
0.30013585090637207,-0.38380300998687744,0.1951766014099121,0.4284791946411133,-0.8017439395189285,0.11076211929321289
0.29244327545166016,-0.38621985912323,0.19912242889404297,0.4150385856628418,-0.8064292222261429,0.11747169494628906
0.28594517707824707,-0.38798195123672485,0.2025775909423828,0.4029374122619629,-0.8099144846200943,0.12159562110900879
0.2814760208129883,-0.3890511393547058,0.20501136779785156,0.3942294120788574,-0.8120436817407608,0.12354779243469238
0.24827790260314941,-0.39871472120285034,0.21725726127624512,0.3362255096435547,-0.8287211209535599,0.1422104835510254
0.2483220100402832,-0.3983837962150574,0.21768569946289062,0.3355684280395508,-0.8282361179590225,0.14095664024353027
0.2482144832611084,-0.39821892976760864,0.2179877758026123,0.33622264862060547,-0.8283794671297073,0.14390158653259277
0.2477264404296875,-0.3984747529029846,0.21796846389770508,0.3384876251220703,-0.8294966518878937,0.1527392864227295
0.24672794342041016,-0.3995606303215027,0.21714377403259277,0.333850622177124,-0.8298424035310745,0.1427152156829834
0.24556636810302734,-0.4016510844230652,0.21500420570373535,0.3245220184326172,-0.8289763480424881,0.11788773536682129
0.2447800636291504,-0.4046393036842346,0.21126794815063477,0.324418306350708,-0.8318478614091873,0.1141960620880127
0.244642972946167,-0.40813595056533813,0.20621538162231445,0.32760143280029297,-0.8358469754457474,0.1142723560333252
0.24488401412963867,-0.41187673807144165,0.20034217834472656,0.33095550537109375,-0.8396455198526382,0.11158466339111328
0.24493670463562012,-0.4158428907394409,0.19402313232421875,0.3322172164916992,-0.842897966504097,0.10303735733032227
0.24447393417358398,-0.41998136043548584,0.1875464916229248,0.33110904693603516,-0.8457126766443253,0.08997821807861328
0.2437279224395752,-0.42368918657302856,0.18175840377807617,0.3288235664367676,-0.8478458076715469,0.07629632949829102
0.24318671226501465,-0.42607325315475464,0.17796087265014648,0.3271491527557373,-0.8490801602602005,0.06711006164550781
0.24477100372314453,-0.4183253049850464,0.19008660316467285,0.3313007354736328,-0.8443766385316849,0.09383058547973633
0.24517583847045898,-0.41632145643234253,0.1930685043334961,0.33309078216552734,-0.8433490544557571,0.10256505012512207
0.24570369720458984,-0.41355615854263306,0.19710946083068848,0.3356194496154785,-0.8418335467576981,0.11485457420349121
0.24614763259887695,-0.4112275242805481,0.20042848587036133,0.33806753158569336,-0.8405147939920425,0.12602782249450684
0.2465355396270752,-0.4091067910194397,0.2033994197845459,0.34023380279541016,-0.839173749089241,0.13605380058288574
0.24665474891662598,-0.4068950414657593,0.20663905143737793,0.34165239334106445,-0.8376479297876358,0.1458139419555664
0.24606871604919434,-0.40426719188690186,0.21091198921203613,0.3415963649749756,-0.8358061611652374,0.15686702728271484
0.2445831298828125,-0.4016302227973938,0.21570324897766113,0.3397092819213867,-0.8340251743793488,0.16818547248840332
0.24280786514282227,-0.39943867921829224,0.2199416160583496,0.33709263801574707,-0.832575112581253,0.17780494689941406
0.24184513092041016,-0.3979247808456421,0.22263717651367188,0.3355867862701416,-0.8314624726772308,0.18352293968200684
0.24266600608825684,-0.39703720808029175,0.22330427169799805,0.336881160736084,-0.8304877579212189,0.18436312675476074
0.34451746940612793,-0.3591204881668091,0.18064618110656738,0.5157301425933838,-0.7636193782091141,0.10757589340209961
0.34381723403930664,-0.3599696159362793,0.18031668663024902,0.5136277675628662,-0.7646641880273819,0.10509014129638672
0.3391871452331543,-0.36288881301879883,0.1819438934326172,0.5056085586547852,-0.7692158967256546,0.10795283317565918
0.3289210796356201,-0.368468701839447,0.1862938404083252,0.4899106025695801,-0.7783425003290176,0.12027645111083984
0.3111743927001953,-0.3769122362136841,0.19385719299316406,0.4626333713531494,-0.7925108224153519,0.14276504516601562
0.28503894805908203,-0.3867482542991638,0.20513916015625,0.4202539920806885,-0.8098497688770294,0.17392396926879883
0.2557971477508545,-0.39460569620132446,0.21763014793395996,0.3695495128631592,-0.8248402774333954,0.20243358612060547
0.23428988456726074,-0.39756274223327637,0.22784852981567383,0.33104419708251953,-0.8321676552295685,0.22242140769958496
0.23901677131652832,-0.3933653235435486,0.23046278953552246,0.3400113582611084,-0.8270363509654999,0.22907352447509766
0.24100017547607422,-0.3897722363471985,0.23383784294128418,0.3450937271118164,-0.8226577341556549,0.24069643020629883
0.24570751190185547,-0.3857530951499939,0.23593544960021973,0.35401105880737305,-0.8175350874662399,0.24627685546875
0.24923372268676758,-0.3824412226676941,0.23776602745056152,0.36072754859924316,-0.8133281916379929,0.2511022090911865
0.2508378028869629,-0.38008373975753784,0.23958921432495117,0.36389636993408203,-0.8104711025953293,0.2556145191192627
0.25112152099609375,-0.3786722421646118,0.24109268188476562,0.3645894527435303,-0.8088706582784653,0.2591664791107178
0.25096774101257324,-0.3781593441963196,0.24179840087890625,0.36438465118408203,-0.808331772685051,0.2607851028442383
0.2507600784301758,-0.378487765789032,0.24154138565063477,0.3639717102050781,-0.8087309449911118,0.2601487636566162
0.25046443939208984,-0.3794322609901428,0.24060678482055664,0.36331963539123535,-0.809823140501976,0.2579178810119629
0.24988436698913574,-0.38068848848342896,0.2394716739654541,0.3621199131011963,-0.8113030642271042,0.2551746368408203
0.24852228164672852,-0.38185322284698486,0.23893165588378906,0.35140180587768555,-0.8149409592151642,0.22783613204956055
0.24627304077148438,-0.3825041651725769,0.23955655097961426,0.34081602096557617,-0.8165275752544403,0.20860958099365234
0.24426674842834473,-0.3821544051170349,0.24121546745300293,0.3334939479827881,-0.816459983587265,0.20011186599731445
0.24546575546264648,-0.3802681565284729,0.24273276329040527,0.33408308029174805,-0.8144166171550751,0.19875097274780273
0.2520267963409424,-0.3768773078918457,0.24263477325439453,0.34522533416748047,-0.8100788295269012,0.19878482818603516
0.25296592712402344,-0.3756476044654846,0.24347400665283203,0.3469688892364502,-0.8088017404079437,0.20089077949523926
0.24693989753723145,-0.3775966763496399,0.24497175216674805,0.3365809917449951,-0.8117458522319794,0.2031233310699463
0.24462366104125977,-0.3796936273574829,0.24392485618591309,0.3323688507080078,-0.8140444457530975,0.20019316673278809
0.24418950080871582,-0.3812727928161621,0.24231696128845215,0.33210206031799316,-0.8155783712863922,0.1984713077545166
0.24432682991027832,-0.381666362285614,0.24176335334777832,0.33524203300476074,-0.8161046802997589,0.20612454414367676
0.24832749366760254,-0.37968820333480835,0.24165010452270508,0.3391075134277344,-0.8133430182933807,0.19721150398254395
0.360414981842041,-0.3352454900741577,0.19234013557434082,0.5176615715026855,-0.7392377257347107,0.09067273139953613
0.35950422286987305,-0.3421117067337036,0.18465161323547363,0.5159327983856201,-0.7439787983894348,0.07372164726257324
0.3564293384552002,-0.3454728126525879,0.18421244621276855,0.5190205574035645,-0.7481605559587479,0.0858302116394043
0.35457897186279297,-0.35116255283355713,0.17879986763000488,0.5249128341674805,-0.7528585344552994,0.08992266654968262
0.3484153747558594,-0.3596787452697754,0.17471027374267578,0.5195350646972656,-0.7619675546884537,0.09012842178344727
0.3397819995880127,-0.3689321279525757,0.17209506034851074,0.5052416324615479,-0.773063138127327,0.0850682258605957
0.32938265800476074,-0.3784443736076355,0.17045903205871582,0.4843118190765381,-0.784852996468544,0.0750582218170166
0.3181023597717285,-0.38810598850250244,0.16860556602478027,0.46029090881347656,-0.7961886674165726,0.06125807762145996
0.30809688568115234,-0.3970658779144287,0.16528773307800293,0.43876075744628906,-0.8054054379463196,0.04504513740539551
0.3015255928039551,-0.40463101863861084,0.15945768356323242,0.4246406555175781,-0.8116210103034973,0.0272672176361084
0.29944324493408203,-0.4102809429168701,0.15115666389465332,0.42034220695495605,-0.8147810697555542,0.00960993766784668
0.3008890151977539,-0.41382652521133423,0.1420578956604004,0.42401933670043945,-0.8155956268310547,-0.005227208137512207
0.3034212589263916,-0.41630828380584717,0.13320040702819824,0.4308207035064697,-0.8156799077987671,-0.01694667339324951
0.3042614459991455,-0.42039453983306885,0.12240743637084961,0.4349946975708008,-0.8171331286430359,-0.03179931640625
0.3033566474914551,-0.4208208918571472,0.12273979187011719,0.4370737075805664,-0.8196048140525818,-0.0234224796295166
0.2974848747253418,-0.4254242777824402,0.1201784610748291,0.429746150970459,-0.8261938691139221,-0.021818041801452637
0.28737711906433105,-0.42986899614334106,0.12367630004882812,0.4147028923034668,-0.8355082869529724,-0.008676409721374512
0.27161169052124023,-0.4361976385116577,0.12884736061096191,0.38845276832580566,-0.8478204607963562,0.00561070442199707
0.25446510314941406,-0.4263176918029785,0.16795754432678223,0.36122894287109375,-0.8513546139001846,0.08910655975341797
0.23176074028015137,-0.4201763868331909,0.1964092254638672,0.3222835063934326,-0.8535061031579971,0.14841628074645996
0.21571111679077148,-0.41491997241973877,0.21442270278930664,0.2944943904876709,-0.852235347032547,0.18577361106872559
0.21690940856933594,-0.4077721834182739,0.22397851943969727,0.2978169918060303,-0.8453446328639984,0.20795559883117676
0.21782827377319336,-0.4019186496734619,0.23141694068908691,0.3009328842163086,-0.8393537700176239,0.22736382484436035
0.22246098518371582,-0.39645737409591675,0.23604393005371094,0.31017374992370605,-0.8329973518848419,0.239454984664917
0.2229619026184082,-0.39296048879623413,0.2401895523071289,0.3115379810333252,-0.8292499631643295,0.2490253448486328
0.22325897216796875,-0.3908284306526184,0.24266672134399414,0.31235361099243164,-0.8269340246915817,0.25477004051208496
0.22333765029907227,-0.39025765657424927,0.24332356452941895,0.31354713439941406,-0.8259866088628769,0.2599034309387207
0.22320175170898438,-0.39124298095703125,0.2421879768371582,0.3131740093231201,-0.8270755857229233,0.2572658061981201
0.2319493293762207,-0.39140933752059937,0.23715829849243164,0.32875490188598633,-0.8259262293577194,0.24695897102355957
0.24506258964538574,-0.3903302550315857,0.2305762767791748,0.34311699867248535,-0.8239065706729889,0.20470738410949707
0.24959683418273926,-0.38997453451156616,0.22807765007019043,0.34189271926879883,-0.8220570385456085,0.1727733612060547
0.24726390838623047,-0.38942378759384155,0.23031878471374512,0.3354182243347168,-0.8216757476329803,0.16982507705688477
0.24387335777282715,-0.38733649253845215,0.23511600494384766,0.33379602432250977,-0.8212296664714813,0.19126486778259277
0.24460482597351074,-0.3832623362541199,0.23967218399047852,0.33138036727905273,-0.8170706331729889,0.1891472339630127
0.24758148193359375,-0.37859565019607544,0.2434062957763672,0.3335237503051758,-0.8119864165782928,0.18810057640075684
0.24700164794921875,-0.37600845098495483,0.24677538871765137,0.33183765411376953,-0.8097546994686127,0.19255828857421875
0.24454307556152344,-0.38456398248672485,0.23812603950500488,0.32257747650146484,-0.8161279261112213,0.16108322143554688
0.24377083778381348,-0.3874775767326355,0.23500370979309082,0.30973148345947266,-0.8134269267320633,0.12325024604797363
0.24358057975769043,-0.39038610458374023,0.23144745826721191,0.3078927993774414,-0.8146256357431412,0.11246323585510254
0.24463486671447754,-0.39154964685440063,0.2292795181274414,0.3093242645263672,-0.815023735165596,0.10780000686645508
0.2480461597442627,-0.39053577184677124,0.2283763885498047,0.3148312568664551,-0.8135664016008377,0.10648608207702637
0.25466489791870117,-0.3876531720161438,0.22765207290649414,0.32413768768310547,-0.8092917948961258,0.10248470306396484
0.3492860794067383,-0.35020875930786133,0.18703532218933105,0.47553372383117676,-0.7505297064781189,0.0384516716003418
0.3478395938873291,-0.35126423835754395,0.18742895126342773,0.4731576442718506,-0.7518554329872131,0.03878641128540039
0.3442866802215576,-0.3549172878265381,0.18687152862548828,0.4670901298522949,-0.7555027604103088,0.03612971305847168
0.33884644508361816,-0.3605573773384094,0.18570876121520996,0.4577775001525879,-0.7609859108924866,0.03148531913757324
0.3317573070526123,-0.3673211336135864,0.18459439277648926,0.4479656219482422,-0.7685016393661499,0.030249595642089844
0.3236205577850342,-0.37434518337249756,0.18384361267089844,0.4513819217681885,-0.7815091609954834,0.05669403076171875
0.3146214485168457,-0.3812755346298218,0.18364477157592773,0.44754672050476074,-0.7926615625619888,0.07703828811645508
0.30535149574279785,-0.3878334164619446,0.18369579315185547,0.43815040588378906,-0.8023674041032791,0.08989596366882324
0.29612207412719727,-0.39384758472442627,0.18394780158996582,0.425260066986084,-0.8109533935785294,0.0966637134552002
0.2882499694824219,-0.39902055263519287,0.18362927436828613,0.41260528564453125,-0.817932978272438,0.0980691909790039
0.28293466567993164,-0.4030003547668457,0.1823723316192627,0.4033932685852051,-0.8227853327989578,0.09552383422851562
0.28140926361083984,-0.40529173612594604,0.18005824089050293,0.40050578117370605,-0.8248778134584427,0.09041523933410645
0.28282761573791504,-0.4063875675201416,0.1768021583557129,0.4029512405395508,-0.8250098377466202,0.0840764045715332
0.28589916229248047,-0.40712034702301025,0.17240428924560547,0.4087235927581787,-0.8242730051279068,0.07664322853088379
0.2881765365600586,-0.4088652729988098,0.1668868064880371,0.4137089252471924,-0.8245799094438553,0.06842160224914551
0.28668856620788574,-0.4127964973449707,0.16125202178955078,0.4125030040740967,-0.8279678374528885,0.06087303161621094
0.2799501419067383,-0.413216233253479,0.1676771640777588,0.4032166004180908,-0.8319310694932938,0.07961082458496094
0.2651679515838623,-0.4175942540168762,0.17423009872436523,0.3790771961212158,-0.8411740809679031,0.09756731986999512
0.24709105491638184,-0.41538572311401367,0.19313955307006836,0.3493952751159668,-0.8456189185380936,0.14112377166748047
0.23293185234069824,-0.4091380834579468,0.21259522438049316,0.32625603675842285,-0.8436713516712189,0.18532252311706543
0.24024319648742676,-0.3989524245262146,0.2222747802734375,0.34249114990234375,-0.8322567641735077,0.21421027183532715
0.24399399757385254,-0.3915870785713196,0.22964119911193848,0.34659814834594727,-0.8247723877429962,0.21988606452941895
0.2483510971069336,-0.3854491710662842,0.23463129997253418,0.3510739803314209,-0.8184472024440765,0.21936321258544922
0.25060296058654785,-0.3807176947593689,0.23897743225097656,0.35303807258605957,-0.8137119114398956,0.2217884063720703
0.2513566017150879,-0.37710171937942505,0.2427973747253418,0.35341548919677734,-0.8102175295352936,0.2264573574066162
0.25162577629089355,-0.375011682510376,0.24506211280822754,0.35335803031921387,-0.8082269728183746,0.22933459281921387
0.25153446197509766,-0.3753412961959839,0.24473810195922852,0.35204505920410156,-0.8086885511875153,0.22524333000183105
0.25095081329345703,-0.3778839707374573,0.24213409423828125,0.34888505935668945,-0.8113295137882233,0.21374034881591797
0.2503814697265625,-0.38144320249557495,0.23824334144592285,0.344571590423584,-0.8146247565746307,0.19635939598083496
0.25032949447631836,-0.38460707664489746,0.23439788818359375,0.34128379821777344,-0.8170484006404877,0.17967867851257324
0.24949884414672852,-0.38674479722976685,0.23226594924926758,0.34244823455810547,-0.819412499666214,0.18295574188232422
0.24690937995910645,-0.38704437017440796,0.23356318473815918,0.3303334712982178,-0.8187445104122162,0.1632225513458252
0.24432158470153809,-0.3844429850578308,0.23841071128845215,0.3101341724395752,-0.8108776956796646,0.1284348964691162
0.2449805736541748,-0.37800121307373047,0.24569177627563477,0.31232309341430664,-0.806565061211586,0.1453399658203125
0.3481113910675049,-0.330396831035614,0.2128894329071045,0.4800863265991211,-0.74119633436203,0.10289478302001953
0.3476266860961914,-0.3303837180137634,0.21344780921936035,0.4793567657470703,-0.741413414478302,0.10402131080627441
0.3452334403991699,-0.3315145969390869,0.21483922004699707,0.47551441192626953,-0.7432291209697723,0.10625529289245605
0.3428983688354492,-0.33260077238082886,0.21617984771728516,0.47176527976989746,-0.744973212480545,0.10840773582458496
0.34317922592163086,-0.32128411531448364,0.22797513008117676,0.47438716888427734,-0.7371123731136322,0.13773250579833984
0.34296345710754395,-0.32137948274612427,0.22810125350952148,0.4740407466888428,-0.7372656166553497,0.13793516159057617
0.34209680557250977,-0.32176148891448975,0.2286069393157959,0.47264909744262695,-0.7378789484500885,0.138746976852417
0.3386814594268799,-0.32324522733688354,0.2305757999420166,0.4650397300720215,-0.740125447511673,0.1382887363433838
0.3293037414550781,-0.3528714179992676,0.20685815811157227,0.4450526237487793,-0.762689009308815,0.07676506042480469
0.31867003440856934,-0.3720163106918335,0.19281840324401855,0.4251105785369873,-0.776833713054657,0.040944576263427734
0.3086872100830078,-0.38329803943634033,0.18708133697509766,0.4077014923095703,-0.7861709594726562,0.02533435821533203
0.2994978427886963,-0.3913567066192627,0.18438220024108887,0.4119706153869629,-0.802708089351654,0.05627131462097168
0.2902255058288574,-0.3976427912712097,0.18387722969055176,0.41043615341186523,-0.8149494081735611,0.08550500869750977
0.2799410820007324,-0.4028759002685547,0.18544840812683105,0.39874768257141113,-0.8239832073450089,0.1028292179107666
0.27195191383361816,-0.39413756132125854,0.2058258056640625,0.3887910842895508,-0.820521742105484,0.15274620056152344
0.2641923427581787,-0.3964734673500061,0.20871901512145996,0.3755629062652588,-0.8247508704662323,0.15924811363220215
0.24697017669677734,-0.40079957246780396,0.2152423858642578,0.3450043201446533,-0.8328606188297272,0.17068982124328613
0.24730825424194336,-0.4002140164375305,0.21583271026611328,0.3453810214996338,-0.8322549760341644,0.1711714267730713
0.24796581268310547,-0.3994141221046448,0.21649885177612305,0.34649038314819336,-0.8314022719860077,0.17232418060302734
0.24829912185668945,-0.3983069062232971,0.21780776977539062,0.3474607467651367,-0.8303857743740082,0.1760087013244629
0.24759936332702637,-0.39685875177383423,0.2202742099761963,0.3470621109008789,-0.8293056190013885,0.1832714080810547
0.24578571319580078,-0.39535003900527954,0.2235269546508789,0.34500765800476074,-0.8283590376377106,0.1930217742919922
0.24371862411499023,-0.39394909143447876,0.22673702239990234,0.3425588607788086,-0.8274658620357513,0.20294427871704102
0.24261093139648438,-0.39288973808288574,0.22883200645446777,0.3416895866394043,-0.8266150653362274,0.21044325828552246
0.24319195747375488,-0.39215534925460815,0.2294168472290039,0.3436009883880615,-0.8257044851779938,0.21439766883850098
0.24434375762939453,-0.3918742537498474,0.22904586791992188,0.33716869354248047,-0.8253665268421173,0.18732810020446777
0.2444133758544922,-0.3918038010597229,0.22909259796142578,0.3372981548309326,-0.8252901136875153,0.18744707107543945
0.24388480186462402,-0.3910868763923645,0.23035597801208496,0.33476805686950684,-0.82462278008461,0.18497729301452637
0.2440962791442871,-0.3889826536178589,0.23290681838989258,0.3328983783721924,-0.8224733173847198,0.1831831932067871
0.24672865867614746,-0.38500839471817017,0.23621177673339844,0.3360140323638916,-0.8182899653911591,0.18554043769836426
0.3568754196166992,-0.33905255794525146,0.1920614242553711,0.5245559215545654,-0.7434712946414948,0.11081433296203613
0.3609151840209961,-0.3312472701072693,0.19663095474243164,0.5323705673217773,-0.7355847060680389,0.12323665618896484
0.3618509769439697,-0.3232819437980652,0.2048015594482422,0.5354905128479004,-0.7287615239620209,0.14390826225280762
0.3618509769439697,-0.3232819437980652,0.2048015594482422,0.5355210304260254,-0.7287562787532806,0.14396023750305176
0.3618509769439697,-0.3232819437980652,0.2048015594482422,0.5353848934173584,-0.7287792861461639,0.14372611045837402
0.3590397834777832,-0.3247388005256653,0.20656299591064453,0.5305027961730957,-0.7312853634357452,0.14662384986877441
0.3590397834777832,-0.3247388005256653,0.20656299591064453,0.5305056571960449,-0.7312848269939423,0.14662933349609375
0.3590397834777832,-0.3247388005256653,0.20656299591064453,0.530611515045166,-0.7312674224376678,0.14681363105773926
0.3590397834777832,-0.3247388005256653,0.20656299591064453,0.5325841903686523,-0.7309231460094452,0.1502699851989746
0.3590397834777832,-0.3247388005256653,0.20656299591064453,0.5365440845489502,-0.7301243841648102,0.15729713439941406
0.3590397834777832,-0.3247388005256653,0.20656299591064453,0.530515193939209,-0.7312833368778229,0.14664578437805176
0.3590397834777832,-0.3247388005256653,0.20656299591064453,0.5205042362213135,-0.7325004041194916,0.12954330444335938
0.3590397834777832,-0.3247388005256653,0.20656299591064453,0.5164351463317871,-0.732759028673172,0.12278628349304199
0.35642409324645996,-0.32607024908065796,0.20817828178405762,0.514272928237915,-0.7348635494709015,0.12915754318237305
0.353100061416626,-0.31674695014953613,0.22201156616210938,0.515655517578125,-0.7280843555927277,0.17053723335266113
0.3489680290222168,-0.3186728358268738,0.224534273147583,0.5136518478393555,-0.7303668558597565,0.18379473686218262
0.34531688690185547,-0.3203314542770386,0.2267169952392578,0.5111651420593262,-0.7323145568370819,0.1945204734802246
0.3422055244445801,-0.3217136859893799,0.22854375839233398,0.5080904960632324,-0.734086662530899,0.20202946662902832
0.33934950828552246,-0.32295769453048706,0.2301936149597168,0.5038387775421143,-0.736044317483902,0.20621323585510254
0.33699703216552734,-0.32396477460861206,0.23153376579284668,0.4992368221282959,-0.7379360496997833,0.20747947692871094
0.33574867248535156,-0.3244931101799011,0.2322382926940918,0.49344587326049805,-0.739778071641922,0.20154047012329102
0.33597636222839355,-0.3243970274925232,0.23211026191711426,0.48549437522888184,-0.7412027418613434,0.18531441688537598
0.3374483585357666,-0.3237728476524353,0.2312781810760498,0.4802060127258301,-0.7410083711147308,0.16957592964172363
0.33731722831726074,-0.3396769165992737,0.21415352821350098,0.4762434959411621,-0.7534073144197464,0.1258409023284912
0.3363971710205078,-0.3549807667732239,0.19625020027160645,0.4772005081176758,-0.7644729167222977,0.09250545501708984
0.3350410461425781,-0.36424440145492554,0.1850876808166504,0.48048996925354004,-0.7716170698404312,0.07942533493041992
0.3329620361328125,-0.3714679479598999,0.17692875862121582,0.4813251495361328,-0.7776349931955338,0.0706782341003418
0.32961130142211914,-0.3783315420150757,0.1703503131866455,0.4771082401275635,-0.7836921960115433,0.059897661209106445
0.32505106925964355,-0.3854198455810547,0.1644139289855957,0.4687843322753906,-0.7900562286376953,0.04658937454223633
0.31938719749450684,-0.3929016590118408,0.15862393379211426,0.4576566219329834,-0.7967396378517151,0.0318605899810791
0.31304240226745605,-0.40048718452453613,0.15283823013305664,0.44550085067749023,-0.8034956455230713,0.01751852035522461
0.3065185546875,-0.4077914357185364,0.14708447456359863,0.4338383674621582,-0.8101328015327454,0.00501561164855957
0.29970479011535645,-0.4147968292236328,0.14156484603881836,0.4228231906890869,-0.817031741142273,-0.004453301429748535
0.29082536697387695,-0.42359787225723267,0.13391995429992676,0.409160852432251,-0.8259477615356445,-0.015691518783569336
0.27668285369873047,-0.4322621822357178,0.1319880485534668,0.3874199390411377,-0.838413417339325,-0.013100981712341309
0.25309205055236816,-0.4406859278678894,0.1393423080444336,0.3491044044494629,-0.8552389144897461,0.008194327354431152
0.21787571907043457,-0.45057082176208496,0.14901161193847656,0.2889719009399414,-0.8744169473648071,0.03251194953918457
0.2067427635192871,-0.45525336265563965,0.14683055877685547,0.27042722702026367,-0.8809914588928223,0.032971858978271484
0.2067427635192871,-0.45525336265563965,0.14683055877685547,0.27201271057128906,-0.8821969702839851,0.03851890563964844
0.2067427635192871,-0.45525336265563965,0.14683055877685547,0.273561954498291,-0.8833101466298103,0.04399609565734863
0.21021771430969238,-0.44196927547454834,0.17232275009155273,0.2818567752838135,-0.8750913888216019,0.0978553295135498
0.21739435195922852,-0.42625755071640015,0.1957705020904541,0.2969670295715332,-0.8618647009134293,0.14900565147399902
0.2189638614654541,-0.4179808497428894,0.2079625129699707,0.3019540309906006,-0.8545329868793488,0.179551362991333
0.21992897987365723,-0.41249746084213257,0.2155766487121582,0.304445743560791,-0.8492670357227325,0.1965620517730713
0.2206430435180664,-0.4082295298576355,0.22127246856689453,0.30631113052368164,-0.8450270593166351,0.20938658714294434
0.22120928764343262,-0.4047080874443054,0.225830078125,0.30780506134033203,-0.8414415419101715,0.2197120189666748
0.22165393829345703,-0.4018527865409851,0.22943639755249023,0.3089873790740967,-0.8384794890880585,0.22792315483093262
0.22196078300476074,-0.3998355269432068,0.23193788528442383,0.30980801582336426,-0.836358517408371,0.2336409091949463
0.2221665382385254,-0.3984578251838684,0.23362469673156738,0.30970311164855957,-0.8350440561771393,0.23508572578430176
0.22359442710876465,-0.3970499634742737,0.23466777801513672,0.30077314376831055,-0.833932489156723,0.1965956687927246
0.24509286880493164,-0.3908436894416809,0.22989726066589355,0.33158349990844727,-0.8233093917369843,0.16853737831115723
0.24999094009399414,-0.3872678875923157,0.23128247261047363,0.3439178466796875,-0.8198272287845612,0.18288302421569824
0.24843287467956543,-0.3840424418449402,0.23631858825683594,0.3229408264160156,-0.8126295953989029,0.14127087593078613
0.2461991310119629,-0.3796538710594177,0.2430102825164795,0.3124728202819824,-0.8066588789224625,0.13555359840393066
0.3342099189758301,-0.3442472815513611,0.21212172508239746,0.4578230381011963,-0.7563434988260269,0.0973656177520752
0.3342008590698242,-0.33980923891067505,0.2173018455505371,0.4724462032318115,-0.7548474818468094,0.13421201705932617
0.3294711112976074,-0.33768314123153687,0.22451472282409668,0.4773714542388916,-0.7544868290424347,0.17281746864318848
0.3208127021789551,-0.35055869817733765,0.218397855758667,0.4670543670654297,-0.7680144608020782,0.16724681854248047
0.31217217445373535,-0.36069542169570923,0.21452832221984863,0.45270681381225586,-0.7795489728450775,0.15899300575256348
0.30458927154541016,-0.36766982078552246,0.21294045448303223,0.4389622211456299,-0.7879751622676849,0.15327739715576172
0.2973313331604004,-0.37316423654556274,0.2125396728515625,0.4261960983276367,-0.7949324548244476,0.1510758399963379
0.29022812843322754,-0.37781620025634766,0.21277070045471191,0.4141538143157959,-0.8010677397251129,0.15134692192077637
0.28434014320373535,-0.38130587339401245,0.21322178840637207,0.40345144271850586,-0.805738240480423,0.1504368782043457
0.28174853324890137,-0.3826987147331238,0.21354937553405762,0.3961658477783203,-0.807364359498024,0.14397835731506348
0.2838294506072998,-0.3819250464439392,0.21282696723937988,0.3936483860015869,-0.8050809651613235,0.12826228141784668
0.2905550003051758,-0.37929487228393555,0.21050620079040527,0.3962855339050293,-0.7987587004899979,0.10494303703308105
0.2988858222961426,-0.37689274549484253,0.20612597465515137,0.4025883674621582,-0.7917191535234451,0.0818791389465332
0.30548572540283203,-0.3763192892074585,0.20052003860473633,0.41263675689697266,-0.788441613316536,0.0703420639038086
0.3084070682525635,-0.3782653212547302,0.19480109214782715,0.4240684509277344,-0.7904731780290604,0.07240986824035645
0.3072540760040283,-0.3823826313018799,0.18998074531555176,0.43094611167907715,-0.7958681732416153,0.08042550086975098
0.30296850204467773,-0.38801705837249756,0.18594789505004883,0.4297981262207031,-0.8027224093675613,0.08492207527160645
0.29642653465270996,-0.3950066566467285,0.1817781925201416,0.4208519458770752,-0.8105489760637283,0.08120346069335938
0.2881965637207031,-0.4035269021987915,0.17622065544128418,0.4058952331542969,-0.8191272169351578,0.06807351112365723
0.27861976623535156,-0.4143683910369873,0.16694021224975586,0.38669586181640625,-0.8282959461212158,0.043425559997558594
0.26809024810791016,-0.4301319718360901,0.14680957794189453,0.36464834213256836,-0.8377017378807068,-0.004305720329284668
0.26236391067504883,-0.4375556707382202,0.13653969764709473,0.35294461250305176,-0.8412792086601257,-0.028004765510559082
0.2632906436920166,-0.43723011016845703,0.13625335693359375,0.3553895950317383,-0.8413515090942383,-0.026461362838745117
0.2678797245025635,-0.4355836510658264,0.13481879234313965,0.3657982349395752,-0.8402711153030396,-0.0230177640914917
0.2704143524169922,-0.4366493225097656,0.1292264461517334,0.37334156036376953,-0.8411579132080078,-0.025858163833618164
0.26602840423583984,-0.43826961517333984,0.130598783493042,0.3693692684173584,-0.8464002013206482,-0.014392256736755371
0.24924182891845703,-0.44398826360702515,0.13562369346618652,0.3429539203643799,-0.8586078882217407,0.003030538558959961
0.22539424896240234,-0.42970871925354004,0.18469953536987305,0.30660319328308105,-0.8614750653505325,0.11220574378967285
0.21522259712219238,-0.4176866412162781,0.2105727195739746,0.2924470901489258,-0.8547150790691376,0.17431020736694336
0.21677136421203613,-0.408621609210968,0.2228710651397705,0.29799842834472656,-0.8461572229862213,0.2074718475341797
0.21772980690002441,-0.40256232023239136,0.23061490058898926,0.300922155380249,-0.8399799764156342,0.22647595405578613
0.22232913970947266,-0.39735883474349976,0.23495817184448242,0.31079936027526855,-0.8337231576442719,0.2405695915222168
0.22283506393432617,-0.3938558101654053,0.23913812637329102,0.31217193603515625,-0.8299394100904465,0.25020289421081543
0.22325897216796875,-0.3908284306526184,0.24266672134399414,0.31333112716674805,-0.8266180604696274,0.2583773136138916
0.226395845413208,-0.3876148462295532,0.24490046501159668,0.31935572624206543,-0.822662279009819,0.263993501663208
0.24070978164672852,-0.3824005126953125,0.24306392669677734,0.3455657958984375,-0.8147429078817368,0.26197314262390137
0.246748685836792,-0.37952226400375366,0.2428274154663086,0.35104799270629883,-0.812410518527031,0.24414920806884766
0.24945998191833496,-0.3780826926231384,0.24284029006958008,0.35039472579956055,-0.811493307352066,0.22735953330993652
0.2507760524749756,-0.3775317072868347,0.2426598072052002,0.3468186855316162,-0.8110673129558563,0.20956945419311523
0.2513549327850342,-0.3771020770072937,0.2427980899810791,0.344057559967041,-0.810415118932724,0.19899845123291016
0.2501673698425293,-0.37640148401260376,0.24436545372009277,0.34311771392822266,-0.8100980222225189,0.2051243782043457
0.24686861038208008,-0.37436896562576294,0.2487337589263916,0.31592273712158203,-0.8036865293979645,0.15286707878112793
0.2467050552368164,-0.3673046827316284,0.2566659450531006,0.3169136047363281,-0.7986830770969391,0.17148423194885254
0.3618509769439697,-0.3232819437980652,0.2048015594482422,0.4998779296875,-0.7298028469085693,0.08664178848266602
0.3618509769439697,-0.3232819437980652,0.2048015594482422,0.4998779296875,-0.7298028469085693,0.08664178848266602
0.3590397834777832,-0.3247388005256653,0.20656299591064453,0.49538564682006836,-0.7321308255195618,0.08945655822753906
0.36025524139404297,-0.3132856488227844,0.21750736236572266,0.4995143413543701,-0.7242099940776825,0.11740493774414062
0.36025524139404297,-0.3132856488227844,0.21750736236572266,0.5072522163391113,-0.7242656648159027,0.12941789627075195
0.35858583450317383,-0.3141079545021057,0.21857404708862305,0.5077910423278809,-0.7255038917064667,0.13633322715759277
0.3553500175476074,-0.31567615270614624,0.22061419486999512,0.500312328338623,-0.7281298339366913,0.13611388206481934
0.3524057865142822,-0.3170742988586426,0.22243952751159668,0.4952106475830078,-0.7304091155529022,0.13857340812683105
0.34664177894592285,-0.34031808376312256,0.20296025276184082,0.4896092414855957,-0.7494898587465286,0.10092520713806152
0.3399777412414551,-0.3519912362098694,0.1960134506225586,0.4910013675689697,-0.7612792402505875,0.10686421394348145
0.3291497230529785,-0.3634076714515686,0.19318509101867676,0.4844188690185547,-0.7746759206056595,0.12231636047363281
0.3116180896759033,-0.3763899803161621,0.19413971900939941,0.4603917598724365,-0.7920984774827957,0.1364750862121582
0.2855532169342041,-0.39123666286468506,0.19820666313171387,0.41568636894226074,-0.8138566166162491,0.14595580101013184
0.2548952102661133,-0.4057311415672302,0.2022995948791504,0.3596346378326416,-0.8350826054811478,0.14789962768554688
0.22936344146728516,-0.41714686155319214,0.20281100273132324,0.31174349784851074,-0.8501777797937393,0.1398026943206787
0.21540117263793945,-0.42502015829086304,0.19900298118591309,0.28459644317626953,-0.8584419041872025,0.12397098541259766
0.21307802200317383,-0.42978358268737793,0.19251275062561035,0.2787604331970215,-0.8616115599870682,0.10600948333740234
0.22001028060913086,-0.43152809143066406,0.18512558937072754,0.2902035713195801,-0.8608817011117935,0.09025335311889648
0.2334611415863037,-0.43085938692092896,0.1768336296081543,0.3139629364013672,-0.8569884449243546,0.07580947875976562
0.24961209297180176,-0.4284912347793579,0.168135404586792,0.3430194854736328,-0.8507322818040848,0.06202220916748047
0.2635307312011719,-0.42568933963775635,0.1606428623199463,0.3685173988342285,-0.8443008065223694,0.051032066345214844
0.2716176509857178,-0.4193273186683655,0.16483640670776367,0.3846743106842041,-0.8380884081125259,0.06418967247009277
0.2698366641998291,-0.4171610474586487,0.17059946060180664,0.38320326805114746,-0.8380221277475357,0.07951521873474121
0.25748682022094727,-0.4155125617980957,0.1846151351928711,0.3633558750152588,-0.8418039828538895,0.1115419864654541
0.23537254333496094,-0.41485005617141724,0.20239806175231934,0.32593870162963867,-0.8477314412593842,0.15059137344360352
0.21608233451843262,-0.41276097297668457,0.21736693382263184,0.2932751178741455,-0.8500541150569916,0.18437695503234863
0.21697068214416504,-0.4073929190635681,0.2244706153869629,0.29651975631713867,-0.8450143039226532,0.20369362831115723
0.21762871742248535,-0.4032193422317505,0.22979259490966797,0.2993590831756592,-0.8408178985118866,0.21979236602783203
0.2181541919708252,-0.3997599482536316,0.23407840728759766,0.30185842514038086,-0.8370993435382843,0.2336430549621582
0.2185525894165039,-0.3970559239387512,0.23735308647155762,0.30313611030578613,-0.834202453494072,0.24191856384277344
0.2188425064086914,-0.39504265785217285,0.23974967002868652,0.3039243221282959,-0.8320485800504684,0.24744439125061035
0.2229468822479248,-0.3930654525756836,0.2400667667388916,0.31247687339782715,-0.8290767520666122,0.2523503303527832
0.22082734107971191,-0.4070965051651001,0.22275257110595703,0.3067960739135742,-0.8438816368579865,0.21273326873779297
0.2207338809967041,-0.40767282247543335,0.222001314163208,0.3065500259399414,-0.8444652855396271,0.21103382110595703
0.22056841850280762,-0.40868431329727173,0.22067475318908691,0.30611515045166016,-0.8454843461513519,0.2080366611480713
