-0.01051473617553711,-0.4995567500591278,0.1121361255645752,-0.04602015018463135,-0.8247278928756714,-0.18998289108276367
-0.19128811359405518,-0.46079760789871216,0.18604028224945068,-0.299141526222229,-0.8898511156439781,0.13550841808319092
-0.198663592338562,-0.46104663610458374,0.17564833164215088,-0.30893993377685547,-0.8866427689790726,0.10508120059967041
-0.20982062816619873,-0.45639878511428833,0.17592978477478027,-0.3351641893386841,-0.8765282183885574,0.0981287956237793
-0.2174772024154663,-0.4548930525779724,0.17760014533996582,-0.3584165573120117,-0.8723390847444534,0.11319756507873535
-0.21785318851470947,-0.4560672640800476,0.17547833919525146,-0.37415552139282227,-0.8723014891147614,0.1511608362197876
-0.220869779586792,-0.4486282467842102,0.18577241897583008,-0.38523316383361816,-0.8616609871387482,0.2114880084991455
-0.22569608688354492,-0.41017991304397583,0.2437736988067627,-0.38167524337768555,-0.8265756219625473,0.2673909664154053
-0.2184758186340332,-0.3338731527328491,0.32862257957458496,-0.3380930423736572,-0.7611183971166611,0.2908596992492676
-0.20790517330169678,-0.22454893589019775,0.40052032470703125,-0.2985304594039917,-0.6540945768356323,0.3260185718536377
-0.20158028602600098,-0.08031922578811646,0.44088149070739746,-0.2719864845275879,-0.5166140198707581,0.38645172119140625
-0.1954345703125,0.08701187372207642,0.42938232421875,-0.25213873386383057,-0.3542932868003845,0.44690680503845215
-0.1845952272415161,0.2256786823272705,0.3688468933105469,-0.24341166019439697,-0.19941383600234985,0.48763179779052734
-0.1740877628326416,0.3121037483215332,0.2953810691833496,-0.2622990608215332,-0.052528560161590576,0.535245418548584
-0.18037354946136475,0.328346312046051,0.27566778659820557,-0.3214304447174072,0.06796890497207642,0.6082028150558472
-0.21684539318084717,0.26065003871917725,0.3443828821182251,-0.44879019260406494,0.16713738441467285,0.7127982378005981
-0.2698824405670166,0.13182151317596436,0.4116978645324707,-0.5627299547195435,0.13384056091308594,0.7471215724945068
-0.3161458969116211,-0.013110339641571045,0.42539095878601074,-0.6273055076599121,-0.06590026617050171,0.7395017147064209
-0.3017251491546631,-0.13670891523361206,0.4193544387817383,-0.5949534177780151,-0.35170477628707886,0.6763887405395508
-0.2656829357147217,-0.258942186832428,0.38132715225219727,-0.4969198703765869,-0.5944035947322845,0.5609595775604248
-0.24049615859985352,-0.3434065580368042,0.3252689838409424,-0.42930829524993896,-0.7284963428974152,0.44497084617614746
-0.21740078926086426,-0.38439905643463135,0.29363226890563965,-0.37367260456085205,-0.7988786697387695,0.3390026092529297
-0.19808125495910645,-0.41121727228164673,0.2712516784667969,-0.3219423294067383,-0.8380266278982162,0.24359488487243652
-0.1900780200958252,-0.4332258105278015,0.24339723587036133,-0.2912318706512451,-0.8606394827365875,0.1701982021331787
-0.18793737888336182,-0.44151538610458374,0.2295668125152588,-0.272851824760437,-0.8688644468784332,0.1377246379852295
-0.18766283988952637,-0.44071149826049805,0.22874212265014648,-0.25794994831085205,-0.8689669668674469,0.12909436225891113
-0.18933534622192383,-0.44050925970077515,0.22768807411193848,-0.24778449535369873,-0.8686911016702652,0.12037229537963867
-0.19005072116851807,-0.44293540716171265,0.22346711158752441,-0.2448192834854126,-0.8707107454538345,0.11264538764953613
-0.1899268627166748,-0.4455929398536682,0.21874141693115234,-0.2471153736114502,-0.873528853058815,0.10977792739868164
-0.18973028659820557,-0.44830745458602905,0.21353960037231445,-0.2535824775695801,-0.8768301159143448,0.11075830459594727
-0.18947482109069824,-0.4510682225227356,0.2080683708190918,-0.26260530948638916,-0.88031966984272,0.11496734619140625
-0.18939852714538574,-0.45408952236175537,0.2017589807510376,-0.27364158630371094,-0.8838241845369339,0.12111222743988037
-0.18965065479278564,-0.4570632576942444,0.1951981782913208,-0.28447747230529785,-0.8866922482848167,0.12664592266082764
-0.19013381004333496,-0.4595160484313965,0.1895226240158081,-0.293353796005249,-0.8887766823172569,0.13161194324493408
-0.1912548542022705,-0.4607924222946167,0.18606209754943848,-0.2991640567779541,-0.8898396715521812,0.13559746742248535
-0.19249260425567627,-0.4609667658805847,0.18496859073638916,-0.2992708683013916,-0.890053354203701,0.13247168064117432
-0.1929391622543335,-0.4613748788833618,0.18360424041748047,-0.2993431091308594,-0.8904117569327354,0.12995409965515137
-0.1929560899734497,-0.462094247341156,0.18174469470977783,-0.29883813858032227,-0.8911184892058372,0.12697207927703857
-0.19349658489227295,-0.4625864028930664,0.17963194847106934,-0.2990729808807373,-0.8913630992174149,0.12238740921020508
-0.19546103477478027,-0.4622828960418701,0.1775273084640503,-0.3019489049911499,-0.8900056630373001,0.11439025402069092
-0.19870030879974365,-0.46103060245513916,0.1756291389465332,-0.3090322017669678,-0.8865991979837418,0.10498261451721191
-0.20235860347747803,-0.45939069986343384,0.1747514009475708,-0.31817102432250977,-0.8825776726007462,0.09877073764801025
-0.21018826961517334,-0.4562787413597107,0.17600274085998535,-0.3359910249710083,-0.8762838989496231,0.09827160835266113
-0.21643054485321045,-0.45500797033309937,0.17709684371948242,-0.35267603397369385,-0.8729729205369949,0.10627913475036621
-0.21796870231628418,-0.4556257128715515,0.17647671699523926,-0.36787641048431396,-0.8724998980760574,0.13157296180725098
-0.21782004833221436,-0.45453351736068726,0.17748796939849854,-0.3791921138763428,-0.8695364892482758,0.17958223819732666
-0.22572636604309082,-0.4376556873321533,0.2011483907699585,-0.39262068271636963,-0.8476237505674362,0.24957573413848877
-0.22338175773620605,-0.37034618854522705,0.2924247980117798,-0.35809326171875,-0.7945613116025925,0.2795008420944214
-0.2124922275543213,-0.27003830671310425,0.37573325634002686,-0.3138686418533325,-0.6988851130008698,0.31181180477142334
-0.20226740837097168,-0.13789480924606323,0.4310116767883301,-0.2790553569793701,-0.5706283450126648,0.3594706058502197
-0.19828426837921143,0.018278300762176514,0.44145524501800537,-0.2593032121658325,-0.42246657609939575,0.4243267774581909
-0.19098353385925293,0.16383415460586548,0.4024847745895386,-0.24789655208587646,-0.27230775356292725,0.4718676805496216
-0.1747903823852539,0.30343449115753174,0.3046661615371704,-0.2533402442932129,-0.07778042554855347,0.5209485292434692
-0.17688238620758057,0.3302214741706848,0.2735556364059448,-0.3049607276916504,0.04396158456802368,0.5896633863449097
-0.18822956085205078,0.3202230930328369,0.28527140617370605,-0.35411500930786133,0.10909390449523926,0.640488862991333
-0.24000096321105957,0.1972728967666626,0.3873347043991089,-0.5031886100769043,0.17587041854858398,0.7458692789077759
-0.29978859424591064,0.05164259672164917,0.4248208999633789,-0.6005456447601318,0.04710274934768677,0.7531459331512451
-0.31377148628234863,-0.08383291959762573,0.4238373041152954,-0.6235682964324951,-0.2255185842514038,0.7105840444564819
-0.2795674800872803,-0.20917171239852905,0.40281176567077637,-0.5365760326385498,-0.5050733387470245,0.6141443252563477
-0.2478504180908203,-0.32058554887771606,0.34285616874694824,-0.44792819023132324,-0.6929494440555573,0.48280858993530273
-0.22482061386108398,-0.37513095140457153,0.30004405975341797,-0.3919217586517334,-0.7814896702766418,0.3723108768463135
-0.20468473434448242,-0.4020252227783203,0.2794678211212158,-0.3401191234588623,-0.8261979073286057,0.27667832374572754
-0.19193780422210693,-0.4270247220993042,0.25208306312561035,-0.3000408411026001,-0.854694277048111,0.19137787818908691
-0.18857383728027344,-0.4407666325569153,0.23141002655029297,-0.27967798709869385,-0.8677043616771698,0.1436786651611328
-0.18750333786010742,-0.44158971309661865,0.2283945083618164,-0.2642713785171509,-0.8694422543048859,0.13184642791748047
-0.1885286569595337,-0.44021135568618774,0.22866177558898926,-0.251997709274292,-0.8685537129640579,0.12489652633666992
-0.18986785411834717,-0.44148868322372437,0.2259209156036377,-0.24565374851226807,-0.8693769127130508,0.11604666709899902
-0.1900475025177002,-0.4439537525177002,0.2217261791229248,-0.24495768547058105,-0.8717332631349564,0.1109914779663086
-0.18984770774841309,-0.4467611312866211,0.2165287733078003,-0.2496858835220337,-0.8749327212572098,0.10993969440460205
-0.1896001100540161,-0.449601411819458,0.2110046148300171,-0.25760722160339355,-0.8784871250391006,0.11249196529388428
-0.1893763542175293,-0.4524044990539551,0.2053356170654297,-0.2674025297164917,-0.8819249421358109,0.11760425567626953
-0.1894456148147583,-0.45516782999038696,0.19941890239715576,-0.2775840759277344,-0.8849454671144485,0.12329065799713135
-0.18980014324188232,-0.4579851031303406,0.19310283660888672,-0.2877373695373535,-0.8874950036406517,0.12827777862548828
-0.1903064250946045,-0.4599294066429138,0.18849050998687744,-0.2952291965484619,-0.8891164883971214,0.13315188884735107
-0.19150972366333008,-0.4608321189880371,0.18589365482330322,-0.2989896535873413,-0.8899265751242638,0.13491499423980713
-0.1924576759338379,-0.46095001697540283,0.18503808975219727,-0.2992504835128784,-0.8900407776236534,0.13260602951049805
-0.19293761253356934,-0.4613649249076843,0.1836298704147339,-0.29935121536254883,-0.8904016241431236,0.1299983263015747
-0.1929607391357422,-0.46202439069747925,0.18192744255065918,-0.2988779544830322,-0.8910519108176231,0.12724947929382324
-0.19358301162719727,-0.46258020401000977,0.17952382564544678,-0.2991824150085449,-0.8913130909204483,0.12199437618255615
-0.19569385051727295,-0.46220165491104126,0.17738115787506104,-0.30239832401275635,-0.8897857815027237,0.11367356777191162
-0.19907593727111816,-0.46086686849594116,0.17542994022369385,-0.30997419357299805,-0.8861531168222427,0.10397422313690186
-0.20386743545532227,-0.4586922526359558,0.17467844486236572,-0.3219181299209595,-0.880992129445076,0.0972217321395874
-0.21102547645568848,-0.4560965299606323,0.17612862586975098,-0.3379439115524292,-0.8758494406938553,0.09885001182556152
-0.2167586088180542,-0.4549710750579834,0.1772632598876953,-0.35449182987213135,-0.8727857619524002,0.10846495628356934
-0.21793627738952637,-0.45583248138427734,0.17609429359436035,-0.36932122707366943,-0.8725966364145279,0.1353147029876709
-0.21782493591308594,-0.4542679786682129,0.17781543731689453,-0.3798602819442749,-0.8689674437046051,0.1842639446258545
-0.2259366512298584,-0.4321805238723755,0.2104119062423706,-0.39178264141082764,-0.8431813567876816,0.2533787488937378
-0.22112059593200684,-0.35132813453674316,0.3121682405471802,-0.3482785224914551,-0.7772531360387802,0.28587186336517334
-0.21005094051361084,-0.25043052434921265,0.38733720779418945,-0.3061654567718506,-0.6794514954090118,0.31679773330688477
-0.20190954208374023,-0.11691206693649292,0.43548357486724854,-0.2762277126312256,-0.5509166121482849,0.369228720664978
-0.1979973316192627,0.034123003482818604,0.43953895568847656,-0.25808680057525635,-0.40698516368865967,0.4302821159362793
-0.18874645233154297,0.19028568267822266,0.3895331621170044,-0.24648237228393555,-0.24197542667388916,0.47947585582733154
-0.17544519901275635,0.2984774708747864,0.3097192049026489,-0.2509622573852539,-0.08859670162200928,0.5164645910263062
-0.1749204397201538,0.3312506675720215,0.27239012718200684,-0.2957543134689331,0.03136444091796875,0.5785603523254395
-0.19530248641967773,0.30770009756088257,0.29955315589904785,-0.37861883640289307,0.1275600790977478,0.663170576095581
-0.23091232776641846,0.22332870960235596,0.37175118923187256,-0.48565900325775146,0.1745983362197876,0.7336934804916382
-0.2900353670120239,0.08460408449172974,0.420609712600708,-0.5863606929779053,0.09948045015335083,0.7526376247406006
-0.31826460361480713,-0.04565870761871338,0.42457282543182373,-0.6316015720367432,-0.1338014006614685,0.728420615196228
-0.2909102439880371,-0.1752968430519104,0.4119393825531006,-0.5666764974594116,-0.434326171875,0.6467361450195312
-0.25606071949005127,-0.29468637704849243,0.36045289039611816,-0.4697326421737671,-0.6519273221492767,0.5185539722442627
-0.23386645317077637,-0.36104655265808105,0.3103938102722168,-0.4131101369857788,-0.7554193735122681,0.4134204387664795
-0.2038193941116333,-0.40323829650878906,0.27841782569885254,-0.3377666473388672,-0.8278488367795944,0.272352933883667
-0.19114160537719727,-0.42892301082611084,0.249650239944458,-0.2972264289855957,-0.8564972579479218,0.18485093116760254
-0.1884397268295288,-0.4409494996070862,0.2309553623199463,-0.27806973457336426,-0.8679904043674469,0.1422135829925537
-0.18757593631744385,-0.4413298964500427,0.2284870147705078,-0.2624702453613281,-0.8693032562732697,0.13100719451904297
-0.18860816955566406,-0.44018322229385376,0.22864770889282227,-0.2515450716018677,-0.8685239106416702,0.12455153465270996
-0.1899350881576538,-0.44161951541900635,0.22568678855895996,-0.24535977840423584,-0.8694679290056229,0.11547541618347168
-0.19003748893737793,-0.44411951303482056,0.22142553329467773,-0.24518179893493652,-0.8719152957201004,0.1108696460723877
-0.18984484672546387,-0.44680655002593994,0.21644163131713867,-0.24979448318481445,-0.8749880343675613,0.109954833984375
-0.18959319591522217,-0.4496697187423706,0.21086955070495605,-0.2578178644180298,-0.8785730749368668,0.11258435249328613
-0.18937194347381592,-0.45253998041152954,0.20505356788635254,-0.26789629459381104,-0.8820827752351761,0.11787819862365723
-0.18947434425354004,-0.45542341470718384,0.19885504245758057,-0.27853095531463623,-0.8851887136697769,0.12373268604278564
-0.18986284732818604,-0.4583509564399719,0.19226443767547607,-0.28901076316833496,-0.8878054842352867,0.1289304494857788
-0.19038128852844238,-0.4601101875305176,0.18803775310516357,-0.2960398197174072,-0.8892611488699913,0.13383018970489502
-0.19167828559875488,-0.46085691452026367,0.18577885627746582,-0.29889345169067383,-0.8899783715605736,0.13447189331054688
-0.1925339698791504,-0.4609866738319397,0.18488657474517822,-0.2992948293685913,-0.8900680765509605,0.13231289386749268
-0.19294953346252441,-0.4614444971084595,0.1834242343902588,-0.2992856502532959,-0.8904822692275047,0.12964749336242676
-0.19295334815979004,-0.4621433615684509,0.18161559104919434,-0.2988111972808838,-0.8911649212241173,0.12677621841430664
-0.19346868991851807,-0.46258044242858887,0.1796886920928955,-0.2990455627441406,-0.8913701325654984,0.1225430965423584
-0.195198655128479,-0.4623745083808899,0.1776905059814453,-0.30144238471984863,-0.8902528434991837,0.11519980430603027
-0.1985311508178711,-0.46110451221466064,0.17571794986724854,-0.3086066246032715,-0.8868002444505692,0.10543811321258545
-0.20296788215637207,-0.45910948514938354,0.17472505569458008,-0.3196864128112793,-0.8819398432970047,0.09814763069152832
-0.20906758308410645,-0.456687867641449,0.17576122283935547,-0.33350396156311035,-0.8770865947008133,0.09795904159545898
-0.21610486507415771,-0.45504558086395264,0.17692327499389648,-0.3508569002151489,-0.873148575425148,0.10409092903137207
-0.21800100803375244,-0.4554433226585388,0.17680621147155762,-0.3665710687637329,-0.8723934441804886,0.12830615043640137
-0.21781837940216064,-0.4547078013420105,0.1772705316543579,-0.3787229061126709,-0.8698966801166534,0.1764737367630005
-0.22544050216674805,-0.4397381544113159,0.19769525527954102,-0.39240479469299316,-0.8495958298444748,0.2468109130859375
-0.22192740440368652,-0.3574885129928589,0.3059929609298706,-0.3516199588775635,-0.7828885763883591,0.28391802310943604
-0.21059834957122803,-0.2545199990272522,0.38501083850860596,-0.3078169822692871,-0.6835139095783234,0.3158327341079712
-0.2017507553100586,-0.13131624460220337,0.432598352432251,-0.27755260467529297,-0.5643311738967896,0.3617112636566162
-0.19810247421264648,0.029550552368164062,0.4401441812515259,-0.2584642171859741,-0.4114667773246765,0.428608775138855
-0.18975043296813965,0.1794722080230713,0.39506983757019043,-0.24716687202453613,-0.254507839679718,0.47654080390930176
-0.17644500732421875,0.2924351096153259,0.31566131114959717,-0.25057780742645264,-0.09889107942581177,0.5147620439529419
-0.17380821704864502,0.3318261504173279,0.27173590660095215,-0.29056596755981445,0.024510681629180908,0.5720651149749756
-0.1942366361618042,0.30968528985977173,0.29736268520355225,-0.3749655485153198,0.12464576959609985,0.6598130464553833
-0.22888898849487305,0.22910815477371216,0.36789870262145996,-0.4811878204345703,0.1735551953315735,0.730571985244751
-0.28961682319641113,0.08560723066329956,0.4204905033111572,-0.5859990119934082,0.10028773546218872,0.7524769306182861
-0.3177530765533447,-0.05050039291381836,0.42466437816619873,-0.6308990716934204,-0.14547806978225708,0.7266436815261841
-0.291473388671875,-0.1734621524810791,0.41236186027526855,-0.5681619644165039,-0.430442750453949,0.6483221054077148
-0.25546491146087646,-0.2966412305831909,0.3592050075531006,-0.4681142568588257,-0.6550431549549103,0.51605224609375
-0.23148012161254883,-0.3663914203643799,0.305797815322876,-0.40744519233703613,-0.763826847076416,0.4025142192840576
-0.2088075876235962,-0.39611178636550903,0.28448987007141113,-0.3512454032897949,-0.817793071269989,0.29749584197998047
-0.19381487369537354,-0.42242032289505005,0.2578620910644531,-0.30669713020324707,-0.8501357287168503,0.20697236061096191
-0.18899273872375488,-0.43900221586227417,0.23433661460876465,-0.2830466032028198,-0.8660483658313751,0.15032386779785156
-0.18738985061645508,-0.44189971685409546,0.22829580307006836,-0.2663489580154419,-0.8696067035198212,0.13287615776062012
-0.18825304508209229,-0.44030648469924927,0.2287137508392334,-0.2534841299057007,-0.8686533123254776,0.12606596946716309
-0.18962037563323975,-0.44102180004119873,0.2267603874206543,-0.24668562412261963,-0.8690508157014847,0.11809849739074707
-0.19003081321716309,-0.4442253112792969,0.22123336791992188,-0.24532389640808105,-0.8720313459634781,0.11079192161560059
-0.18982934951782227,-0.44703710079193115,0.21599853038787842,-0.25034451484680176,-0.8752681761980057,0.11003267765045166
-0.1895672082901001,-0.449923038482666,0.2103673219680786,-0.2585984468460083,-0.8788908272981644,0.11293041706085205
-0.1893758773803711,-0.45274966955184937,0.20461153984069824,-0.26868319511413574,-0.8823247104883194,0.11830854415893555
-0.18950462341308594,-0.45569664239883423,0.1982506513595581,-0.2795372009277344,-0.8854462057352066,0.12420904636383057
-0.18989598751068115,-0.4585472345352173,0.19181346893310547,-0.2896888256072998,-0.8879702314734459,0.12928342819213867
-0.1904592514038086,-0.4602985382080078,0.18756461143493652,-0.2968783378601074,-0.8894092664122581,0.13453912734985352
-0.19181501865386963,-0.4608699083328247,0.18565964698791504,-0.2989537715911865,-0.8899871930480003,0.13415884971618652
-0.1926422119140625,-0.4610379934310913,0.18467295169830322,-0.2993590831756592,-0.8901057466864586,0.13189899921417236
-0.19296813011169434,-0.4615597724914551,0.18312430381774902,-0.2991931438446045,-0.8905983790755272,0.1291348934173584
-0.19296252727508545,-0.46227145195007324,0.18125462532043457,-0.2987557649612427,-0.8912801966071129,0.1261906623840332
-0.19397187232971191,-0.4625510573387146,0.1790391206741333,-0.2996782064437866,-0.8910856395959854,0.12024199962615967
-0.1963585615158081,-0.4619700312614441,0.1769576072692871,-0.3036801815032959,-0.8891558796167374,0.11163544654846191
-0.1997588872909546,-0.4605693221092224,0.17505908012390137,-0.3116816282272339,-0.8853394538164139,0.10214495658874512
-0.20660781860351562,-0.45762479305267334,0.17519831657409668,-0.3280785083770752,-0.878885880112648,0.09737372398376465
-0.21443438529968262,-0.455366849899292,0.1765913963317871,-0.34592103958129883,-0.874042883515358,0.10113048553466797
-0.21811437606811523,-0.45490574836730957,0.17773818969726562,-0.36255550384521484,-0.8719676285982132,0.11884045600891113
-0.2178339958190918,-0.45567572116851807,0.17601275444030762,-0.37564587593078613,-0.8716886341571808,0.15865039825439453
-0.2226707935333252,-0.4452506899833679,0.1903996467590332,-0.3880561590194702,-0.857210785150528,0.2251746654510498
-0.22484540939331055,-0.3968954086303711,0.2615177631378174,-0.371543288230896,-0.8170900791883469,0.27526140213012695
-0.2163296937942505,-0.3167707920074463,0.3430877923965454,-0.3296229839324951,-0.7448279112577438,0.2961350679397583
-0.20688176155090332,-0.19771134853363037,0.4118586778640747,-0.2933318614959717,-0.628261923789978,0.3382014036178589
-0.20077121257781982,-0.055670857429504395,0.4429863691329956,-0.26844048500061035,-0.4933231472969055,0.39657342433929443
-0.19466114044189453,0.09704869985580444,0.4267768859863281,-0.2506711483001709,-0.3441089987754822,0.4494812488555908
-0.18323683738708496,0.24005985260009766,0.3590545654296875,-0.24534380435943604,-0.17952018976211548,0.4945838451385498
-0.17394745349884033,0.31385374069213867,0.29343390464782715,-0.264140248298645,-0.047147274017333984,0.5380079746246338
-0.18038010597229004,0.3283426761627197,0.27567195892333984,-0.32146167755126953,0.06801670789718628,0.6082367897033691
-0.20453345775604248,0.28879231214523315,0.3191894292831421,-0.40902090072631836,0.15500682592391968,0.6914247274398804
-0.24918198585510254,0.1778014898300171,0.39615964889526367,-0.5246707201004028,0.16336476802825928,0.7456884384155273
-0.30297887325286865,0.03943151235580444,0.4257882833480835,-0.6058380603790283,0.025674641132354736,0.751916766166687
-0.312749981880188,-0.09142130613327026,0.42329323291778564,-0.6212818622589111,-0.24362552165985107,0.7059849500656128
-0.2778794765472412,-0.21377921104431152,0.401369571685791,-0.5320751667022705,-0.5145436823368073,0.609210729598999
-0.2478022575378418,-0.32074958086013794,0.34273576736450195,-0.447803258895874,-0.6932075917720795,0.4825475215911865
-0.2250380516052246,-0.3748522400856018,0.3002316951751709,-0.392441987991333,-0.780944287776947,0.3732919692993164
-0.20429456233978271,-0.4025733470916748,0.2789943218231201,-0.3390592336654663,-0.8269468992948532,0.27472639083862305
-0.19163286685943604,-0.4277554154396057,0.25115013122558594,-0.29896247386932373,-0.8553937375545502,0.1888720989227295
-0.1885077953338623,-0.44085901975631714,0.23117995262145996,-0.27887022495269775,-0.8678491413593292,0.14293766021728516
-0.18762755393981934,-0.4410685896873474,0.22858881950378418,-0.26060163974761963,-0.8691623508930206,0.13018512725830078
-0.18894720077514648,-0.44005948305130005,0.2285933494567871,-0.24948656558990479,-0.8683896213769913,0.12304258346557617
-0.1900116205215454,-0.44209349155426025,0.22487902641296387,-0.2450476884841919,-0.8698976784944534,0.11430191993713379
-0.18999922275543213,-0.44469356536865234,0.2203822135925293,-0.24594759941101074,-0.8725447207689285,0.11044645309448242
-0.1898021697998047,-0.4474297761917114,0.2152409553527832,-0.2512768507003784,-0.8757434636354446,0.11016488075256348
-0.1895294189453125,-0.4503215551376343,0.2095729112625122,-0.2598836421966553,-0.879389300942421,0.11353194713592529
-0.1893852949142456,-0.45327842235565186,0.2034916877746582,-0.27065515518188477,-0.8829261213541031,0.11940360069274902
-0.18954789638519287,-0.45609140396118164,0.19737350940704346,-0.28098082542419434,-0.8858133181929588,0.12490379810333252
-0.18994641304016113,-0.458848237991333,0.19111979007720947,-0.29072141647338867,-0.8882203921675682,0.1298280954360962
-0.19097888469696045,-0.4607483148574829,0.18624508380889893,-0.2993549108505249,-0.8897435888648033,0.13634145259857178
-0.1918727159500122,-0.46087533235549927,0.1856093406677246,-0.29897940158843994,-0.8899908289313316,0.13402676582336426
-0.19266080856323242,-0.4610467553138733,0.18463647365570068,-0.29937028884887695,-0.8901121243834496,0.1318281888961792
-0.19297194480895996,-0.4615830183029175,0.18306350708007812,-0.29917454719543457,-0.8906218037009239,0.12903094291687012
-0.1929490566253662,-0.4622623920440674,0.1812978982925415,-0.2987494468688965,-0.8912767991423607,0.12629187107086182
-0.19386792182922363,-0.46255892515182495,0.1791691780090332,-0.2995452880859375,-0.891146793961525,0.12070965766906738
-0.19611752033233643,-0.4620538353919983,0.17711234092712402,-0.3032156229019165,-0.8893846422433853,0.11237335205078125
-0.19983172416687012,-0.46053773164749146,0.17501890659332275,-0.31186342239379883,-0.8852524906396866,0.10195052623748779
-0.20539402961730957,-0.45808231830596924,0.17491483688354492,-0.32540059089660645,-0.8797593861818314,0.09707117080688477
-0.21253812313079834,-0.45576995611190796,0.176344633102417,-0.3414788246154785,-0.8750548511743546,0.09987783432006836
-0.21743226051330566,-0.45489782094955444,0.1775801181793213,-0.3581732511520386,-0.8723683506250381,0.11290359497070312
-0.21784508228302002,-0.4559212923049927,0.17567944526672363,-0.3747286796569824,-0.8720811903476715,0.15397238731384277
-0.22174179553985596,-0.4470123052597046,0.18800175189971924,-0.3865993022918701,-0.8595534265041351,0.21807849407196045
-0.2260364294052124,-0.42553573846817017,0.22109293937683105,-0.3897733688354492,-0.8379871696233749,0.25779080390930176
-0.21653950214385986,-0.32124823331832886,0.33954811096191406,-0.33089888095855713,-0.7492092102766037,0.29433584213256836
-0.2074066400527954,-0.20932024717330933,0.40717434883117676,-0.29568052291870117,-0.6394359469413757,0.33314037322998047
-0.20131659507751465,-0.07057356834411621,0.4418596029281616,-0.27064967155456543,-0.5074231028556824,0.39059436321258545
-0.19618594646453857,0.07583534717559814,0.432023286819458,-0.253643274307251,-0.3655628561973572,0.4438180923461914
-0.18567335605621338,0.217251718044281,0.37415647506713867,-0.24408268928527832,-0.20986056327819824,0.4856746196746826
-0.17436742782592773,0.30863451957702637,0.2991671562194824,-0.25868213176727295,-0.06290984153747559,0.52964186668396
-0.17835283279418945,0.3294387459754944,0.2744392156600952,-0.31189072132110596,0.05382412672042847,0.5976682901382446
-0.2010892629623413,0.2962351441383362,0.3117116689682007,-0.3980029821395874,0.1442764401435852,0.6810439825057983
-0.23837006092071533,0.20068877935409546,0.3856337070465088,-0.4990966320037842,0.17806297540664673,0.745887041091919
-0.2987830638885498,0.05544966459274292,0.42443716526031494,-0.5988702774047852,0.053796231746673584,0.7534013986587524
-0.3146470785140991,-0.07705622911453247,0.42421138286590576,-0.6254146099090576,-0.20930683612823486,0.7143939733505249
-0.28379642963409424,-0.1971721053123474,0.4063374996185303,-0.5478320121765137,-0.4802296757698059,0.6264200210571289
-0.24791622161865234,-0.32036203145980835,0.3430197238922119,-0.4480987787246704,-0.6925975978374481,0.48316407203674316
-0.22555899620056152,-0.3741822838783264,0.30068182945251465,-0.39368510246276855,-0.779628574848175,0.37564563751220703
-0.20597314834594727,-0.40020114183425903,0.281033992767334,-0.34361135959625244,-0.8236678093671799,0.28314638137817383
-0.1922532320022583,-0.4262637495994568,0.2530498504638672,-0.3011573553085327,-0.8539588749408722,0.19397807121276855
-0.18858742713928223,-0.4407472014427185,0.23145842552185059,-0.27984607219696045,-0.8676739037036896,0.14383387565612793
-0.18750786781311035,-0.4415757656097412,0.22839927673339844,-0.2641768455505371,-0.8694348037242889,0.13180112838745117
-0.18847203254699707,-0.4402313232421875,0.22867178916931152,-0.25231385231018066,-0.8685747534036636,0.12514019012451172
-0.1898137331008911,-0.44138485193252563,0.22610735893249512,-0.245885968208313,-0.8693044930696487,0.1165018081665039
-0.19005346298217773,-0.44385069608688354,0.22191309928894043,-0.24481797218322754,-0.8716200739145279,0.11106681823730469
-0.18985998630523682,-0.44657498598098755,0.21688544750213623,-0.24924099445343018,-0.8747056871652603,0.10987746715545654
-0.1896364688873291,-0.44924408197402954,0.2117093801498413,-0.2565023899078369,-0.8780347257852554,0.11200892925262451
-0.18937599658966064,-0.45274990797042847,0.20461082458496094,-0.26868486404418945,-0.8823250085115433,0.11830902099609375
-0.18950343132019043,-0.4556862711906433,0.1982736587524414,-0.2794992923736572,-0.885436549782753,0.1241915225982666
-0.18986380100250244,-0.4583560824394226,0.19225263595581055,-0.2890288829803467,-0.8878098949790001,0.12894010543823242
-0.19040215015411377,-0.4601607918739319,0.18791091442108154,-0.29626500606536865,-0.8893012031912804,0.13401925563812256
-0.19171464443206787,-0.46086037158966064,0.18574726581573486,-0.29890942573547363,-0.8899806961417198,0.13438880443572998
-0.19253838062286377,-0.46098875999450684,0.18487799167633057,-0.299297571182251,-0.8900695070624352,0.13229620456695557
-0.19294977188110352,-0.46144628524780273,0.1834198236465454,-0.29928433895111084,-0.8904839977622032,0.12963974475860596
-0.1929534673690796,-0.4621414542198181,0.18162071704864502,-0.2988121509552002,-0.891163133084774,0.12678372859954834
-0.19395685195922852,-0.46255218982696533,0.17905831336975098,-0.2996588945388794,-0.8910944610834122,0.12031054496765137
-0.19638776779174805,-0.4619598984718323,0.17693865299224854,-0.3037365674972534,-0.889128103852272,0.11154568195343018
-0.19983625411987305,-0.4605357050895691,0.1750164031982422,-0.31187450885772705,-0.8852471262216568,0.10193848609924316
-0.2052825689315796,-0.4581242799758911,0.17488861083984375,-0.325154185295105,-0.8798392564058304,0.09704279899597168
-0.21237874031066895,-0.45580416917800903,0.17632222175598145,-0.34110593795776367,-0.8751391917467117,0.09977030754089355
-0.21763062477111816,-0.4548768997192383,0.17766666412353516,-0.3592435121536255,-0.8722374588251114,0.11419510841369629
-0.21783506870269775,-0.45570433139801025,0.17597424983978271,-0.37554192543029785,-0.8717357218265533,0.15810811519622803
-0.22222900390625,-0.44609367847442627,0.18925654888153076,-0.38736283779144287,-0.8583376109600067,0.22179043292999268
-0.2259901762008667,-0.4193699359893799,0.23051178455352783,-0.3870537281036377,-0.8333224505186081,0.2617291212081909
-0.21766912937164307,-0.32912611961364746,0.33284831047058105,-0.3351612091064453,-0.7566847056150436,0.29207921028137207
-0.20762276649475098,-0.21513980627059937,0.4047011137008667,-0.29680120944976807,-0.6450373530387878,0.3304847478866577
-0.20192372798919678,-0.113278329372406,0.43614280223846436,-0.2758622169494629,-0.5475246906280518,0.3710585832595825
-0.1961989402770996,0.0756264328956604,0.4320700168609619,-0.25367021560668945,-0.36577272415161133,0.4437582492828369
-0.1863710880279541,0.2117316722869873,0.3774954080581665,-0.2446584701538086,-0.21654003858566284,0.48454129695892334
-0.17419934272766113,0.31071752309799194,0.296905517578125,-0.26084864139556885,-0.05672222375869751,0.5330259799957275
-0.1786726713180542,0.3292669653892517,0.27463269233703613,-0.3134007453918457,0.05601859092712402,0.5993735790252686
-0.2011547088623047,0.296097993850708,0.31185245513916016,-0.39821696281433105,0.14447617530822754,0.6812441349029541
-0.23754990100860596,0.20328569412231445,0.3841348886489868,-0.4978753328323364,0.17772388458251953,0.744482159614563
-0.29928088188171387,0.05356788635253906,0.4246317148208618,-0.5996999740600586,0.05048704147338867,0.7532826662063599
-0.3143036365509033,-0.07974570989608765,0.42407548427581787,-0.6247038841247559,-0.21574515104293823,0.7129155397415161
-0.28014540672302246,-0.20757156610488892,0.40330076217651367,-0.5381162166595459,-0.5017752647399902,0.6158285140991211
-0.2488853931427002,-0.31702160835266113,0.34544873237609863,-0.4506187438964844,-0.6873316466808319,0.48844099044799805
-0.22725117206573486,-0.3719889521598816,0.30214405059814453,-0.3976874351501465,-0.7752721905708313,0.383303165435791
-0.2062838077545166,-0.39975816011428833,0.28141188621520996,-0.34445106983184814,-0.823044940829277,0.2847108840942383
-0.19250953197479248,-0.4256417155265808,0.25383663177490234,-0.302065372467041,-0.8533523380756378,0.19609665870666504
-0.18861591815948486,-0.4407050609588623,0.23156356811523438,-0.2802102565765381,-0.8676078617572784,0.14417266845703125
-0.18750262260437012,-0.44159191846847534,0.2283937931060791,-0.2642863988876343,-0.8694434463977814,0.13185358047485352
-0.18849611282348633,-0.44022291898727417,0.2286674976348877,-0.2521793842315674,-0.8685658127069473,0.12503623962402344
-0.1898343563079834,-0.44142425060272217,0.22603654861450195,-0.2457979917526245,-0.869332030415535,0.11632919311523438
-0.19005393981933594,-0.443841814994812,0.22192907333374023,-0.24480605125427246,-0.871610477566719,0.11107349395751953
-0.18986117839813232,-0.4465543031692505,0.2169250249862671,-0.2491910457611084,-0.8746804744005203,0.1098705530166626
-0.18962860107421875,-0.4493207335472107,0.21155810356140137,-0.25673985481262207,-0.878132238984108,0.11211204528808594
-0.18940329551696777,-0.4520431160926819,0.20607972145080566,-0.2661151885986328,-0.8814983516931534,0.1168825626373291
-0.1894397735595703,-0.45511746406555176,0.1995300054550171,-0.27739667892456055,-0.8848972469568253,0.12320387363433838
-0.18979358673095703,-0.4579469561576843,0.19318997859954834,-0.2876039743423462,-0.8874625191092491,0.128210186958313
-0.19042634963989258,-0.4602190852165222,0.18776428699493408,-0.29652535915374756,-0.8893470987677574,0.1342397928237915
-0.19174504280090332,-0.4608631730079651,0.18572092056274414,-0.2989227771759033,-0.8899826630949974,0.13431906700134277
-0.19244849681854248,-0.460945725440979,0.18505573272705078,-0.29924488067626953,-0.8900376185774803,0.13264036178588867
-0.19297122955322266,-0.4615786671638489,0.1830751895904541,-0.2991781234741211,-0.8906173929572105,0.12905097007751465
-0.19294965267181396,-0.46226269006729126,0.18129658699035645,-0.29874980449676514,-0.8912768587470055,0.12628889083862305
-0.1938304901123047,-0.46256184577941895,0.17921555042266846,-0.299497127532959,-0.8911688476800919,0.12087738513946533
-0.19608163833618164,-0.4620663523674011,0.17713534832000732,-0.3031463623046875,-0.8894186764955521,0.11248290538787842
-0.199629545211792,-0.46062570810317993,0.17513012886047363,-0.3113590478897095,-0.885493591427803,0.10249066352844238
-0.2050231695175171,-0.4582214951515198,0.1748276948928833,-0.32458174228668213,-0.8800244480371475,0.0969768762588501
-0.21302318572998047,-0.455666184425354,0.17640995979309082,-0.34261393547058105,-0.8747977763414383,0.10020184516906738
-0.21768510341644287,-0.45487117767333984,0.1776900291442871,-0.35953712463378906,-0.8722008019685745,0.11454987525939941
-0.217879056930542,-0.456306517124176,0.17518067359924316,-0.37248659133911133,-0.8727204501628876,0.144057035446167
-0.22041702270507812,-0.4494534730911255,0.1846224069595337,-0.3845243453979492,-0.8627217710018158,0.208091139793396
-0.22574210166931152,-0.4112168550491333,0.24232053756713867,-0.382354736328125,-0.8273271173238754,0.26676273345947266
-0.21873784065246582,-0.33546173572540283,0.32718515396118164,-0.33906006813049316,-0.7625975459814072,0.2904379367828369
-0.20794916152954102,-0.2263249158859253,0.39970576763153076,-0.2988452911376953,-0.6558041572570801,0.32515180110931396
-0.20169305801391602,-0.0856393575668335,0.44026637077331543,-0.2726796865463257,-0.5216215252876282,0.3841121196746826
-0.19630813598632812,0.07383787631988525,0.4324667453765869,-0.25389790534973145,-0.3675691485404968,0.44324183464050293
-0.18588721752166748,0.21558856964111328,0.3751732110977173,-0.24426066875457764,-0.21187889575958252,0.4853407144546509
-0.1745997667312622,0.30576997995376587,0.3022218942642212,-0.25572776794433594,-0.07120227813720703,0.5248945951461792
-0.18304526805877686,0.3268718719482422,0.27731847763061523,-0.3340163230895996,0.08772265911102295,0.6212491989135742
-0.209558367729187,0.277595579624176,0.32977867126464844,-0.4254264831542969,0.16340142488479614,0.7021136283874512
-0.26056575775146484,0.15285640954971313,0.40547192096710205,-0.5473698377609253,0.14753621816635132,0.7460418939590454
-0.31171083450317383,0.004971623420715332,0.42636215686798096,-0.6201422214508057,-0.034488558769226074,0.7450872659683228
-0.30785298347473145,-0.11856746673583984,0.4207468032836914,-0.609501838684082,-0.30873334407806396,0.6874256134033203
-0.26807093620300293,-0.24850064516067505,0.3867766857147217,-0.5040643215179443,-0.5774171650409698,0.5722320079803467
-0.24033963680267334,-0.3438514471054077,0.3249082565307617,-0.42892026901245117,-0.729181557893753,0.4442009925842285
-0.2177286148071289,-0.38399964570999146,0.2939155101776123,-0.37449800968170166,-0.7981603741645813,0.3404655456542969
-0.19757091999053955,-0.4126153588294983,0.26962947845458984,-0.3201099634170532,-0.8396120518445969,0.2391219139099121
-0.18998193740844727,-0.43378037214279175,0.24254131317138672,-0.2904714345932007,-0.861173003911972,0.16831159591674805
-0.18789589405059814,-0.44155627489089966,0.22946763038635254,-0.27246010303497314,-0.8689269721508026,0.13740301132202148
-0.18766438961029053,-0.44066953659057617,0.2287611961364746,-0.2576303482055664,-0.8689437806606293,0.1289680004119873
-0.18923258781433105,-0.440329372882843,0.22801470756530762,-0.24816155433654785,-0.8685643821954727,0.12117433547973633
-0.1900339126586914,-0.4424993395805359,0.2241976261138916,-0.2449437379837036,-0.8702891618013382,0.11350226402282715
-0.18997299671173096,-0.44503968954086304,0.21975159645080566,-0.24640130996704102,-0.8729236274957657,0.11018967628479004
-0.18977630138397217,-0.4477878212928772,0.2145475149154663,-0.2521219253540039,-0.8761746436357498,0.11028611660003662
-0.18951570987701416,-0.45051223039627075,0.20919013023376465,-0.26058197021484375,-0.8796292096376419,0.11389613151550293
-0.18939685821533203,-0.45399200916290283,0.20196831226348877,-0.27328479290008545,-0.8837177902460098,0.12090528011322021
-0.18962979316711426,-0.45686274766921997,0.19564926624298096,-0.28376245498657227,-0.8865136727690697,0.12628281116485596
-0.18994760513305664,-0.45885521173477173,0.19110345840454102,-0.29074549674987793,-0.8882260546088219,0.12984037399291992
-0.1913585662841797,-0.4608086943626404,0.18599343299865723,-0.29909300804138184,-0.8898752555251122,0.13531947135925293
-0.19232487678527832,-0.4609164595603943,0.18521511554718018,-0.2991831302642822,-0.8900168165564537,0.13299477100372314
-0.19292449951171875,-0.46126991510391235,0.18387377262115479,-0.2994307279586792,-0.8903050646185875,0.13041412830352783
-0.19296598434448242,-0.4619588851928711,0.1820971965789795,-0.2989165782928467,-0.8909892663359642,0.12750649452209473
-0.19334709644317627,-0.4625122547149658,0.18005037307739258,-0.29896700382232666,-0.8913547545671463,0.1233823299407959
-0.19488465785980225,-0.46247535943984985,0.17790555953979492,-0.30085766315460205,-0.8905368596315384,0.11621451377868652
-0.19793248176574707,-0.4613659381866455,0.1760261058807373,-0.30709755420684814,-0.8875095993280411,0.10705232620239258
-0.20212340354919434,-0.45949888229370117,0.17476046085357666,-0.31758546829223633,-0.8828228265047073,0.09901082515716553
-0.20859086513519287,-0.4568703770637512,0.17565345764160156,-0.332452654838562,-0.8774383813142776,0.09784865379333496
-0.215789794921875,-0.455083429813385,0.17675042152404785,-0.3491041660308838,-0.8733086138963699,0.10199904441833496
-0.2180776596069336,-0.4550672173500061,0.17746424674987793,-0.36378800868988037,-0.8721128851175308,0.12165951728820801
-0.217818021774292,-0.45487964153289795,0.17705321311950684,-0.37823617458343506,-0.8702411949634552,0.17337918281555176
-0.22472012042999268,-0.4412118196487427,0.19577419757843018,-0.3912733793258667,-0.8516720831394196,0.24110782146453857
-0.2243025302886963,-0.380565881729126,0.2809257507324219,-0.36268723011016846,-0.8037614673376083,0.27564573287963867
-0.2133539915084839,-0.2780532240867615,0.3706536293029785,-0.3168509006500244,-0.7067985832691193,0.3095097541809082
-0.20401406288146973,-0.15620487928390503,0.42600440979003906,-0.28378939628601074,-0.5882863998413086,0.3537938594818115
-0.19824552536010742,-0.011020898818969727,0.44367361068725586,-0.26088523864746094,-0.45074278116226196,0.41215014457702637
-0.18865692615509033,0.1911894679069519,0.38905489444732666,-0.24641823768615723,-0.24091953039169312,0.4797099828720093
-0.17593514919281006,0.2955552339553833,0.31262123584747314,-0.25078296661376953,-0.09360510110855103,0.5156601667404175
-0.1743689775466919,0.33153682947158813,0.2720649242401123,-0.2931785583496094,0.02794027328491211,0.5753574371337891
-0.19375860691070557,0.31056302785873413,0.2963857650756836,-0.37332212924957275,0.1233554482460022,0.658301830291748
-0.22832703590393066,0.23068761825561523,0.36682260036468506,-0.4798896312713623,0.17326056957244873,0.7297152280807495
-0.2859131097793579,0.09443926811218262,0.41931331157684326,-0.5825626850128174,0.1072242259979248,0.7511390447616577
-0.319166898727417,-0.036703407764434814,0.4242619276046753,-0.6326619386672974,-0.11218231916427612,0.7313390970230103
-0.293070912361145,-0.1681646704673767,0.4135425090789795,-0.5723694562911987,-0.4192034602165222,0.6528007984161377
-0.2579132318496704,-0.2884424924850464,0.3643612861633301,-0.47480642795562744,-0.6419527232646942,0.5264124870300293
-0.2330847978591919,-0.36298006772994995,0.3086886405944824,-0.41122984886169434,-0.7583378553390503,0.40982818603515625
-0.211195707321167,-0.39258110523223877,0.2874140739440918,-0.35762155055999756,-0.812503457069397,0.30971765518188477
-0.19461405277252197,-0.4204024076461792,0.2603421211242676,-0.30954039096832275,-0.848058208823204,0.21370363235473633
-0.18907153606414795,-0.4386146664619446,0.234954833984375,-0.28361451625823975,-0.865695983171463,0.1516728401184082
-0.18736910820007324,-0.44194895029067993,0.22828102111816406,-0.26667141914367676,-0.8696326911449432,0.1330418586730957
-0.18819820880889893,-0.44032496213912964,0.22872471809387207,-0.2537654638290405,-0.86867256462574,0.12629413604736328
-0.18960046768188477,-0.44098562002182007,0.22682595252990723,-0.2467641830444336,-0.8690256029367447,0.11825895309448242
-0.19005906581878662,-0.44328492879867554,0.22288250923156738,-0.24471068382263184,-0.8710491210222244,0.11196017265319824
-0.1898975372314453,-0.4459764361381531,0.21802747249603271,-0.24780094623565674,-0.87397201359272,0.10967743396759033
-0.18968045711517334,-0.4488069415092468,0.21256649494171143,-0.2551436424255371,-0.8774759322404861,0.11142218112945557
-0.1894313097000122,-0.45166224241256714,0.20686006546020508,-0.26475000381469727,-0.8810427337884903,0.11612868309020996
-0.18946373462677002,-0.4553283452987671,0.19906485080718994,-0.2781798839569092,-0.8850985318422318,0.12356841564178467
-0.18982243537902832,-0.4581136703491211,0.1928086280822754,-0.2881861925125122,-0.8876046165823936,0.12850618362426758
-0.1903456449508667,-0.4600239396095276,0.18825387954711914,-0.2956538200378418,-0.8891923651099205,0.13350582122802734
-0.19164323806762695,-0.4608525037765503,0.18580567836761475,-0.2988992929458618,-0.8899709805846214,0.1345597505569458
-0.19250404834747314,-0.46097224950790405,0.1849461793899536,-0.2992774248123169,-0.8900572881102562,0.13242828845977783
-0.1929553747177124,-0.4614807367324829,0.18333017826080322,-0.2992565631866455,-0.890518806874752,0.12948644161224365
-0.19295310974121094,-0.46214717626571655,0.18160533905029297,-0.2988090515136719,-0.8911686167120934,0.12676072120666504
-0.1935899257659912,-0.46257972717285156,0.17951548099517822,-0.29919135570526123,-0.8913090974092484,0.12196385860443115
-0.19576382637023926,-0.46217721700668335,0.1773371696472168,-0.3025333881378174,-0.889719620347023,0.11345839500427246
-0.19869637489318848,-0.46103233098983765,0.17563128471374512,-0.3090219497680664,-0.8866040855646133,0.10499358177185059
-0.2033829689025879,-0.45891720056533813,0.17470479011535645,-0.32071709632873535,-0.8815033584833145,0.09772157669067383
-0.20991921424865723,-0.45636093616485596,0.17595171928405762,-0.33538174629211426,-0.8764548450708389,0.09815073013305664
-0.21637582778930664,-0.45501428842544556,0.17706799507141113,-0.3523705005645752,-0.8730033785104752,0.1059110164642334
-0.21796965599060059,-0.4556196928024292,0.17648792266845703,-0.36783266067504883,-0.8724966198205948,0.13146185874938965
-0.2178199291229248,-0.4545416831970215,0.17747807502746582,-0.3791705369949341,-0.8695535957813263,0.17943763732910156
-0.22592735290527344,-0.4325157403945923,0.20985734462738037,-0.39185643196105957,-0.8434488028287888,0.2531508207321167
-0.2229546308517456,-0.3662644624710083,0.2968360185623169,-0.3561166524887085,-0.7908681482076645,0.2809537649154663
-0.21204137802124023,-0.2661171555519104,0.3781461715698242,-0.3123728036880493,-0.6950075328350067,0.3128817081451416
-0.20251750946044922,-0.14034181833267212,0.43038487434387207,-0.2797054052352905,-0.572989284992218,0.35875391960144043
-0.19829106330871582,0.017648041248321533,0.44152092933654785,-0.2593461275100708,-0.42307978868484497,0.42408061027526855
-0.19050002098083496,0.17035573720932007,0.39947545528411865,-0.24762868881225586,-0.2649300694465637,0.47387683391571045
-0.17722058296203613,0.287525475025177,0.3203272819519043,-0.2502272129058838,-0.10708343982696533,0.5132699012756348
-0.17392802238464355,0.3317645788192749,0.27180612087249756,-0.2911241054534912,0.02523982524871826,0.5727721452713013
-0.20014941692352295,0.29818081855773926,0.3097050189971924,-0.3949187994003296,0.14145469665527344,0.6781809329986572
-0.2368786334991455,0.2053927183151245,0.3829014301300049,-0.4968252182006836,0.17743730545043945,0.7433440685272217
-0.2988545894622803,0.055178940296173096,0.42446577548980713,-0.5989894866943359,0.053320109844207764,0.7533856630325317
-0.3150515556335449,-0.07383215427398682,0.4243525266647339,-0.6262288093566895,-0.20158129930496216,0.7161084413528442
-0.28318846225738525,-0.19893956184387207,0.4058387279510498,-0.5462158918380737,-0.48390471935272217,0.6246631145477295
-0.2610280513763428,-0.2773197293281555,0.37104129791259766,-0.4834939241409302,-0.6241048872470856,0.5399250984191895
-0.22916507720947266,-0.3694764971733093,0.30379772186279297,-0.40214812755584717,-0.7701916247606277,0.3919849395751953
-0.20763814449310303,-0.3978120684623718,0.2830619812011719,-0.34810352325439453,-0.8202692717313766,0.29155445098876953
-0.19337844848632812,-0.4235076308250427,0.2565124034881592,-0.3051466941833496,-0.8512353152036667,0.20331907272338867
-0.18883347511291504,-0.4397720694541931,0.23310399055480957,-0.2819105386734009,-0.8667437136173248,0.14763736724853516
-0.18740618228912354,-0.4418601393699646,0.22830748558044434,-0.26608872413635254,-0.8695856630802155,0.13274288177490234
-0.18827581405639648,-0.440298855304718,0.22870922088623047,-0.25336599349975586,-0.8686453253030777,0.12597084045410156
-0.1896885633468628,-0.4411492347717285,0.2265310287475586,-0.24640679359436035,-0.8691399842500687,0.1175377368927002
-0.19006025791168213,-0.44335663318634033,0.2227625846862793,-0.24468755722045898,-0.8711185604333878,0.11181974411010742
-0.18989241123199463,-0.44606083631515503,0.21786677837371826,-0.24800479412078857,-0.8740756660699844,0.10970556735992432
-0.18966960906982422,-0.4489154815673828,0.21235406398773193,-0.255481481552124,-0.8776152282953262,0.11156713962554932
-0.18942773342132568,-0.45171111822128296,0.20676028728485107,-0.2649252414703369,-0.881101444363594,0.11622464656829834
-0.18940699100494385,-0.4546785354614258,0.20048940181732178,-0.2757810354232788,-0.8844579011201859,0.12237513065338135
-0.18974530696868896,-0.45766758918762207,0.19382727146148682,-0.2866222858428955,-0.8872218951582909,0.12771594524383545
-0.19018936157226562,-0.45964866876602173,0.1891920566558838,-0.2939591407775879,-0.8888871297240257,0.13210511207580566
-0.19155597686767578,-0.4608391523361206,0.18586313724517822,-0.29895853996276855,-0.8899418339133263,0.13479197025299072
-0.19243943691253662,-0.4609413146972656,0.18507373332977295,-0.2992398738861084,-0.8900342807173729,0.13267529010772705
-0.1929335594177246,-0.46133601665496826,0.18370413780212402,-0.2993752956390381,-0.8903722986578941,0.1301250457763672
-0.19295930862426758,-0.46204429864883423,0.18187570571899414,-0.2988661527633667,-0.8910709843039513,0.12717103958129883
-0.1934032440185547,-0.4625442624092102,0.17988204956054688,-0.2990027666091919,-0.8913623243570328,0.12299180030822754
-0.19522392749786377,-0.46236568689346313,0.17767465114593506,-0.3014911413192749,-0.8902290016412735,0.11512100696563721
-0.19797515869140625,-0.4613472819328308,0.17600440979003906,-0.30720531940460205,-0.8874590545892715,0.10693740844726562
-0.20283281803131104,-0.4591718912124634,0.17473137378692627,-0.3193507194519043,-0.8820813447237015,0.09828579425811768
-0.2096719741821289,-0.4564560055732727,0.17589664459228516,-0.3348367214202881,-0.8766387850046158,0.09809589385986328
-0.2171611785888672,-0.45492690801620483,0.17745661735534668,-0.3566995859146118,-0.8725416213274002,0.11112618446350098
-0.21790170669555664,-0.4560921788215637,0.17560052871704102,-0.3710799217224121,-0.8726818859577179,0.14007282257080078
-0.21808767318725586,-0.45356035232543945,0.17877709865570068,-0.3808870315551758,-0.867834597826004,0.19085848331451416
-0.22603774070739746,-0.4244557023048401,0.22277534008026123,-0.38935351371765137,-0.8371603339910507,0.2584902048110962
-0.222983717918396,-0.36653298139572144,0.29654884338378906,-0.3562490940093994,-0.7911114543676376,0.28085970878601074
-0.20991158485412598,-0.24941152334213257,0.38790929317474365,-0.30575060844421387,-0.6784384548664093,0.31703221797943115
-0.20190787315368652,-0.11722993850708008,0.4354245662689209,-0.27625906467437744,-0.5512132048606873,0.3690676689147949
-0.19794583320617676,0.03611105680465698,0.43926262855529785,-0.2579162120819092,-0.4050329327583313,0.4309980869293213
-0.189172625541687,0.1858581304550171,0.3918418884277344,-0.2467808723449707,-0.2471296191215515,0.478304386138916
-0.1768639087677002,0.2898074984550476,0.3181760311126709,-0.250394344329834,-0.10329413414001465,0.5139751434326172
-0.17425012588500977,0.3315982222557068,0.27199506759643555,-0.29262447357177734,0.027209222316741943,0.5746629238128662
-0.19459426403045654,0.30902302265167236,0.29809653759002686,-0.3761940002441406,0.12561845779418945,0.6609424352645874
-0.2299182415008545,0.2261866331100464,0.3698626756668091,-0.4835023880004883,0.17408955097198486,0.7321521043777466
-0.2890446186065674,0.08697599172592163,0.4203234910964966,-0.5854952335357666,0.1013830304145813,0.7522608041763306
-0.31805145740509033,-0.04769366979598999,0.4246178865432739,-0.631317138671875,-0.13871026039123535,0.7276910543441772
-0.2907416820526123,-0.17584311962127686,0.41181206703186035,-0.5662316083908081,-0.43548136949539185,0.6462604999542236
-0.2561072111129761,-0.2945330739021301,0.3605504035949707,-0.46985912322998047,-0.651682585477829,0.518749475479126
-0.2312227487564087,-0.3667370080947876,0.3055753707885742,-0.40686190128326416,-0.7645463943481445,0.40134239196777344
-0.20940983295440674,-0.39522868394851685,0.28522634506225586,-0.35285842418670654,-0.8164885640144348,0.3005671501159668
-0.19461357593536377,-0.4204034209251404,0.26034092903137207,-0.30953896045684814,-0.84805928170681,0.213700532913208
-0.18917763233184814,-0.43808668851852417,0.2357947826385498,-0.28438377380371094,-0.8652133643627167,0.15350723266601562
-0.187322735786438,-0.4420531392097473,0.22825145721435547,-0.2673490047454834,-0.8696875274181366,0.13339757919311523
-0.18804514408111572,-0.4403759241104126,0.22875642776489258,-0.2545320987701416,-0.8687247931957245,0.12692642211914062
-0.1898043155670166,-0.441366970539093,0.22613954544067383,-0.2459259033203125,-0.8692920356988907,0.11658048629760742
-0.19005858898162842,-0.4437592625617981,0.22207856178283691,-0.24469316005706787,-0.8715198189020157,0.11113405227661133
-0.18986332416534424,-0.4465254545211792,0.21698009967803955,-0.2491227388381958,-0.8746452480554581,0.10986101627349854
-0.1896277666091919,-0.44932854175567627,0.21154320240020752,-0.2567634582519531,-0.8781419545412064,0.11212217807769775
-0.18939781188964844,-0.4521162509918213,0.20592951774597168,-0.266376256942749,-0.8815851360559464,0.11702799797058105
-0.1894294023513794,-0.4550248980522156,0.19973325729370117,-0.2770524024963379,-0.8848083764314651,0.12304472923278809
-0.18974542617797852,-0.4576684236526489,0.19382548332214355,-0.2866251468658447,-0.8872226104140282,0.1277174949645996
-0.19023501873016357,-0.45975834131240845,0.1889183521270752,-0.2944563627243042,-0.8889773711562157,0.13251233100891113
-0.19148504734039307,-0.46082818508148193,0.18590998649597168,-0.29900670051574707,-0.8899181112647057,0.1349811553955078
-0.19237732887268066,-0.46092116832733154,0.18516933917999268,-0.29920685291290283,-0.8900196775794029,0.13287532329559326
-0.19292688369750977,-0.461286723613739,0.1838306188583374,-0.29941654205322266,-0.890322171151638,0.13034093379974365
-0.19296503067016602,-0.4619714617729187,0.18206477165222168,-0.29890894889831543,-0.8910014256834984,0.1274573802947998
-0.19333577156066895,-0.4625056982040405,0.1800847053527832,-0.29895997047424316,-0.8913531452417374,0.12346243858337402
-0.19491791725158691,-0.46247243881225586,0.17786359786987305,-0.300900936126709,-0.8905164748430252,0.11606812477111816
-0.19797956943511963,-0.4613453149795532,0.17600250244140625,-0.3072166442871094,-0.8874536901712418,0.10692548751831055
-0.20194995403289795,-0.45957863330841064,0.1747666597366333,-0.31715333461761475,-0.8830034881830215,0.09918725490570068
-0.20821702480316162,-0.4570130705833435,0.1755688190460205,-0.33162808418273926,-0.8777131587266922,0.09776186943054199
-0.21550297737121582,-0.4551430344581604,0.17671823501586914,-0.3484300374984741,-0.8734645992517471,0.10181736946105957
-0.21806049346923828,-0.4551467299461365,0.17732739448547363,-0.3643859624862671,-0.8721789866685867,0.12305307388305664
-0.21782469749450684,-0.4553868770599365,0.17639696598052979,-0.3766517639160156,-0.8711930811405182,0.1640709638595581
-0.22382903099060059,-0.44299495220184326,0.1934218406677246,-0.3898739814758301,-0.8541453778743744,0.2341299057006836
-0.22445881366729736,-0.3907198905944824,0.26917123794555664,-0.36657166481018066,-0.8126326650381088,0.2773103713989258
-0.21548688411712646,-0.3027452230453491,0.35368335247039795,-0.3253375291824341,-0.7310845702886581,0.30142414569854736
-0.20509493350982666,-0.1694471836090088,0.4219207763671875,-0.2870194911956787,-0.601046621799469,0.34923529624938965
-0.1990145444869995,-0.023633360862731934,0.4439040422439575,-0.26302313804626465,-0.4628203511238098,0.4079807996749878
-0.19230997562408447,0.14163291454315186,0.41187584400177,-0.24843323230743408,-0.29696035385131836,0.46440041065216064
-0.18033146858215332,0.26546400785446167,0.33966541290283203,-0.24827003479003906,-0.1421681046485901,0.5054762363433838
-0.17305803298950195,0.3251371383666992,0.2802375555038452,-0.27628016471862793,-0.010009050369262695,0.5546373128890991
-0.18452763557434082,0.3260388970375061,0.2782478332519531,-0.3409569263458252,0.09920114278793335,0.6280298233032227
-0.22298991680145264,0.24514484405517578,0.35649335384368896,-0.46644866466522217,0.1704162359237671,0.7217551469802856
-0.27879810333251953,0.11120706796646118,0.41642987728118896,-0.5747699737548828,0.1196407675743103,0.7489989995956421
-0.31134724617004395,0.0064359307289123535,0.4264026880264282,-0.6195520162582397,-0.031940460205078125,0.7454792261123657
-0.3003746271133423,-0.14196717739105225,0.41852331161499023,-0.5914578437805176,-0.36307239532470703,0.6727981567382812
-0.2646065950393677,-0.26340603828430176,0.37891173362731934,-0.4937610626220703,-0.6016413271427155,0.5559930801391602
-0.24421191215515137,-0.33237963914871216,0.3339860439300537,-0.43861520290374756,-0.7114151418209076,0.46364808082580566
-0.2162928581237793,-0.38574254512786865,0.2926750183105469,-0.37087011337280273,-0.801272988319397,0.334064245223999
-0.1976093053817749,-0.41251140832901,0.26975059509277344,-0.3202470541000366,-0.8394948691129684,0.2394554615020752
-0.1905527114868164,-0.43033093214035034,0.2478179931640625,-0.29511892795562744,-0.8578073680400848,0.1799764633178711
-0.18795013427734375,-0.44150274991989136,0.2295975685119629,-0.27297210693359375,-0.8688452541828156,0.13782429695129395
-0.18766522407531738,-0.4405454993247986,0.2288188934326172,-0.2566767930984497,-0.8688748776912689,0.1285994052886963
-0.189300537109375,-0.4404480457305908,0.2277991771697998,-0.24791347980499268,-0.8686480075120926,0.12064504623413086
-0.1900472640991211,-0.44283169507980347,0.22364068031311035,-0.24484992027282715,-0.870610311627388,0.11284923553466797
-0.18994760513305664,-0.44535380601882935,0.2191781997680664,-0.24680852890014648,-0.8732673078775406,0.1099557876586914
-0.18976128101348877,-0.4479919672012329,0.21415066719055176,-0.25260233879089355,-0.8764195591211319,0.11035537719726562
-0.18949425220489502,-0.45080363750457764,0.2086033821105957,-0.26164424419403076,-0.8799927979707718,0.1144554615020752
-0.1893925666809082,-0.4537160396575928,0.20255911350250244,-0.27227234840393066,-0.8834142833948135,0.12032163143157959
-0.1896146535873413,-0.4567205309867859,0.1959683895111084,-0.2832529544830322,-0.8863862976431847,0.12602639198303223
-0.19000959396362305,-0.4592198133468628,0.19025897979736328,-0.29199278354644775,-0.8885252699255943,0.13051795959472656
-0.19114673137664795,-0.4607751965522766,0.1861337423324585,-0.2992391586303711,-0.8898021802306175,0.1358886957168579
-0.19207978248596191,-0.4608944058418274,0.18542850017547607,-0.2990720272064209,-0.8900032863020897,0.1335533857345581
-0.19281816482543945,-0.461120069026947,0.18432772159576416,-0.2994654178619385,-0.8901652917265892,0.13123047351837158
-0.19298958778381348,-0.4617394208908081,0.1826561689376831,-0.29905617237091064,-0.8907774910330772,0.12835180759429932
-0.19312584400177002,-0.46237891912460327,0.180730938911438,-0.2988380193710327,-0.8913171514868736,0.12496674060821533
-0.19439983367919922,-0.462516725063324,0.17850708961486816,-0.30022871494293213,-0.8908307105302811,0.11833977699279785
-0.197096586227417,-0.4617135524749756,0.1764763593673706,-0.3051018714904785,-0.8884526640176773,0.1093834638595581
-0.20176160335540771,-0.4596651792526245,0.1747727394104004,-0.3166835308074951,-0.883199468255043,0.09937787055969238
-0.20806550979614258,-0.4570709466934204,0.17553400993347168,-0.33129382133483887,-0.8778242617845535,0.09772586822509766
-0.21316468715667725,-0.4556359648704529,0.17642903327941895,-0.3429452180862427,-0.8747226148843765,0.1002960205078125
-0.2180577516555786,-0.45515894889831543,0.1773064136505127,-0.36447715759277344,-0.8721888214349747,0.12326788902282715
-0.21782326698303223,-0.4553224444389343,0.17648160457611084,-0.3768656253814697,-0.8710778057575226,0.16526877880096436
-0.22388267517089844,-0.4428884983062744,0.1935633420944214,-0.38995838165283203,-0.8539989292621613,0.2345489263534546
-0.2244400978088379,-0.39092928171157837,0.26893484592437744,-0.3666372299194336,-0.8128041476011276,0.2775505781173706
-0.2150508165359497,-0.2968461513519287,0.35792648792266846,-0.32341325283050537,-0.7252938449382782,0.30349528789520264
-0.20502614974975586,-0.1685463786125183,0.42221105098724365,-0.28680503368377686,-0.6001787185668945,0.3495577573776245
-0.1990501880645752,-0.02416396141052246,0.44390547275543213,-0.2631204128265381,-0.4633277654647827,0.40780770778656006
-0.1927427053451538,0.1318373680114746,0.4156167507171631,-0.24849367141723633,-0.30761975049972534,0.46080684661865234
-0.18083715438842773,0.2614416480064392,0.34292757511138916,-0.24785149097442627,-0.14828568696975708,0.5038794279098511
-0.17321991920471191,0.3230590224266052,0.28275585174560547,-0.27400875091552734,-0.017177462577819824,0.5517420768737793
-0.18733716011047363,0.3217010498046875,0.2835092544555664,-0.3509955406188965,0.10690295696258545,0.6375577449798584
-0.22790348529815674,0.2318705916404724,0.36601006984710693,-0.47889602184295654,0.17303794622421265,0.7290724515914917
-0.28563356399536133,0.09510326385498047,0.41921544075012207,-0.5822863578796387,0.10773420333862305,0.7510442733764648
-0.3142049312591553,-0.005149424076080322,0.42592716217041016,-0.6241790056228638,-0.05208289623260498,0.7421326637268066
-0.2922607660293579,-0.1708676815032959,0.4129476547241211,-0.5702371597290039,-0.42494314908981323,0.6505346298217773
-0.2583963871002197,-0.28676992654800415,0.3653888702392578,-0.4761406183242798,-0.6392755210399628,0.5284836292266846
-0.2324920892715454,-0.3644276261329651,0.3074018955230713,-0.40980780124664307,-0.7605187296867371,0.4071199893951416
-0.21036028861999512,-0.39382505416870117,0.2863900661468506,-0.35539746284484863,-0.8143894672393799,0.30542945861816406
-0.19465506076812744,-0.42029839754104614,0.2604689598083496,-0.3096860647201538,-0.8479498475790024,0.2140491008758545
-0.18911147117614746,-0.43841731548309326,0.23526906967163086,-0.28390276432037354,-0.8655158579349518,0.1523587703704834
-0.18736255168914795,-0.4419640898704529,0.22827672958374023,-0.2667717933654785,-0.8696406185626984,0.13309431076049805
-0.1881866455078125,-0.4403288960456848,0.22872710227966309,-0.25382542610168457,-0.8686766177415848,0.1263427734375
-0.18957233428955078,-0.44093382358551025,0.22691941261291504,-0.24687683582305908,-0.8689893037080765,0.11848759651184082
-0.19006192684173584,-0.44348984956741333,0.22254014015197754,-0.24464356899261475,-0.8712476044893265,0.11155891418457031
-0.18989038467407227,-0.44609159231185913,0.21780824661254883,-0.24807894229888916,-0.8741135746240616,0.10971593856811523
-0.1896657943725586,-0.4489530920982361,0.2122805118560791,-0.25559866428375244,-0.8776634484529495,0.1116175651550293
-0.18942952156066895,-0.45168769359588623,0.20680809020996094,-0.26484131813049316,-0.8810733109712601,0.11617875099182129
-0.18940401077270508,-0.4544704556465149,0.20093905925750732,-0.2750281095504761,-0.8842358738183975,0.12192690372467041
-0.18968594074249268,-0.45732957124710083,0.1945962905883789,-0.28542447090148926,-0.8869273290038109,0.1271228790283203
-0.190138578414917,-0.4595276713371277,0.18949389457702637,-0.29340696334838867,-0.8887863382697105,0.13165497779846191
-0.19132232666015625,-0.4608030319213867,0.18601751327514648,-0.2991178035736084,-0.8898629769682884,0.13541650772094727
-0.1922461986541748,-0.46090954542160034,0.18528366088867188,-0.299147367477417,-0.8900125846266747,0.13317394256591797
-0.19291448593139648,-0.46119219064712524,0.18407166004180908,-0.2994968891143799,-0.8902260288596153,0.13075220584869385
-0.19297397136688232,-0.4618757963180542,0.1823108196258545,-0.2989675998687744,-0.8909093961119652,0.12782979011535645
-0.19324731826782227,-0.4624539017677307,0.18035292625427246,-0.2989065647125244,-0.8913395553827286,0.12408614158630371
-0.1945970058441162,-0.46250027418136597,0.1782621145248413,-0.30048370361328125,-0.8907118588685989,0.11747133731842041
-0.19730055332183838,-0.46164244413375854,0.17634212970733643,-0.3054969310760498,-0.8882565647363663,0.10876500606536865
-0.201157808303833,-0.459941565990448,0.1747903823852539,-0.31517648696899414,-0.8838250786066055,0.09998965263366699
-0.20734429359436035,-0.4573454260826111,0.1753685474395752,-0.3297032117843628,-0.8783511072397232,0.09755349159240723
-0.21465551853179932,-0.4553203582763672,0.17661833763122559,-0.34643983840942383,-0.8739237934350967,0.10127377510070801
-0.218103289604187,-0.45495378971099854,0.1776571273803711,-0.36292457580566406,-0.8720124512910843,0.11967802047729492
-0.21782827377319336,-0.45551395416259766,0.17622900009155273,-0.3762185573577881,-0.8714154660701752,0.1616959571838379
-0.22293806076049805,-0.444736123085022,0.19109368324279785,-0.3884754180908203,-0.856517881155014,0.22723007202148438
-0.22451817989349365,-0.3833938241004944,0.2776225805282593,-0.36386120319366455,-0.8062963932752609,0.27452242374420166
-0.21442675590515137,-0.28932130336761475,0.36316394805908203,-0.3208615779876709,-0.7178978025913239,0.30600929260253906
-0.20490634441375732,-0.16699665784835815,0.4227062463760376,-0.2864342927932739,-0.5986857414245605,0.3501077890396118
-0.1983351707458496,-0.014078378677368164,0.44378018379211426,-0.26123225688934326,-0.45367175340652466,0.41100168228149414
-0.1919257640838623,0.1489599347114563,0.40891897678375244,-0.24831819534301758,-0.288901686668396,0.4669700860977173
-0.17937004566192627,0.27273958921432495,0.33356618881225586,-0.24898064136505127,-0.1308923363685608,0.508232593536377
-0.17282640933990479,0.3281329274177551,0.27653300762176514,-0.2795844078063965,0.000599980354309082,0.5586637258529663
-0.1872330904006958,0.3218720555305481,0.2833043336868286,-0.35063183307647705,0.10664957761764526,0.6372154951095581
-0.21786856651306152,0.25814831256866455,0.3464137315750122,-0.4518740177154541,0.16767704486846924,0.7142850160598755
-0.26990604400634766,0.13176751136779785,0.41171205043792725,-0.5627651214599609,0.1338047981262207,0.7471252679824829
-0.31501293182373047,-0.008454740047454834,0.42572522163391113,-0.6254823207855225,-0.05782186985015869,0.7410733699798584
-0.30113697052001953,-0.1390169858932495,0.41899657249450684,-0.5934324264526367,-0.3566984534263611,0.6748299598693848
-0.2637432813644409,-0.2668870687484741,0.37699174880981445,-0.4912527799606323,-0.6072752177715302,0.5520577430725098
-0.2377462387084961,-0.35101014375686646,0.3190033435821533,-0.42253196239471436,-0.74016472697258,0.43163418769836426
-0.21400117874145508,-0.3884895443916321,0.2906944751739502,-0.3650137186050415,-0.8060620427131653,0.32387804985046387
-0.19631922245025635,-0.4159756302833557,0.26567554473876953,-0.31562602519989014,-0.8433381170034409,0.22826004028320312
-0.18959486484527588,-0.43592387437820435,0.23920583724975586,-0.2874823808670044,-0.8632070124149323,0.16097640991210938
-0.18768799304962158,-0.4417508840560913,0.22899818420410156,-0.2705714702606201,-0.869222491979599,0.1358792781829834
-0.1877802610397339,-0.4404616951942444,0.22881484031677246,-0.25578832626342773,-0.868811696767807,0.12799930572509766
-0.18938934803009033,-0.44060468673706055,0.22751498222351074,-0.2475825548171997,-0.8687582165002823,0.11994743347167969
-0.19006025791168213,-0.44334590435028076,0.22278046607971191,-0.24469125270843506,-0.8711081892251968,0.11184072494506836
-0.18990051746368408,-0.4459265470504761,0.2181224822998047,-0.2476801872253418,-0.8739103823900223,0.10966062545776367
-0.18976235389709473,-0.44797563552856445,0.21418249607086182,-0.25256383419036865,-0.8764001280069351,0.11035025119781494
-0.18943655490875244,-0.4515911936759949,0.20700526237487793,-0.2644944190979004,-0.8809570223093033,0.11598873138427734
-0.18940520286560059,-0.4545630216598511,0.20073926448822021,-0.2753634452819824,-0.8843348771333694,0.12212622165679932
-0.18972492218017578,-0.4575498700141907,0.19409513473510742,-0.28620636463165283,-0.8871196135878563,0.12750840187072754
-0.19019782543182373,-0.459669291973114,0.18914079666137695,-0.29405272006988525,-0.8889041766524315,0.13218140602111816
-0.19145703315734863,-0.4608239531517029,0.18592846393585205,-0.2990260124206543,-0.8899086341261864,0.13505613803863525
-0.19240236282348633,-0.46092337369918823,0.18514740467071533,-0.29921841621398926,-0.8900208696722984,0.1328181028366089
-0.19293177127838135,-0.46132153272628784,0.18374121189117432,-0.2993875741958618,-0.8903576955199242,0.13018834590911865
-0.1929624080657959,-0.4620038866996765,0.18198060989379883,-0.2988898754119873,-0.8910323604941368,0.12733006477355957
-0.19336295127868652,-0.462521493434906,0.18000245094299316,-0.2989768981933594,-0.8913570791482925,0.12327098846435547
-0.1950531005859375,-0.4624254107475281,0.1777803897857666,-0.3011612892150879,-0.8903898745775223,0.11564946174621582
-0.19823801517486572,-0.46123242378234863,0.17586982250213623,-0.3078688383102417,-0.8871476203203201,0.10622704029083252
-0.20264482498168945,-0.45925867557525635,0.17473959922790527,-0.3188832998275757,-0.8822783380746841,0.09847855567932129
-0.20921564102172852,-0.456631064414978,0.1757946014404297,-0.33383023738861084,-0.8769772201776505,0.0979928970336914
-0.21603763103485107,-0.45505350828170776,0.17688632011413574,-0.3504791259765625,-0.8731834441423416,0.10363626480102539
-0.21797871589660645,-0.45556730031967163,0.17658305168151855,-0.3674609661102295,-0.872467890381813,0.13052153587341309
-0.2178182601928711,-0.4547172784805298,0.17725861072540283,-0.3786965608596802,-0.8699159920215607,0.17630398273468018
-0.2254798412322998,-0.4396568536758423,0.19780051708221436,-0.39246678352355957,-0.8494803756475449,0.2471238374710083
-0.22241461277008057,-0.36149901151657104,0.3018624782562256,-0.35371458530426025,-0.7865421026945114,0.2825901508331299
-0.21134448051452637,-0.26035141944885254,0.38160884380340576,-0.3101320266723633,-0.6892981231212616,0.3143883943557739
-0.20491242408752441,-0.1670740842819214,0.42268168926239014,-0.2864527702331543,-0.5987604260444641,0.35008037090301514
-0.1983036994934082,0.016436636447906494,0.44164514541625977,-0.2594282627105713,-0.4242572784423828,0.42360568046569824
-0.19052386283874512,0.17004776000976562,0.39962029457092285,-0.24764251708984375,-0.2652798295021057,0.4737837314605713
-0.17752313613891602,0.28555160760879517,0.3221637010574341,-0.2500767707824707,-0.11033487319946289,0.5126436948776245
-0.1735914945602417,0.33193784952163696,0.27160871028900146,-0.2895578145980835,0.02319788932800293,0.5707815885543823
-0.19313645362854004,0.31169605255126953,0.2951167821884155,-0.37117624282836914,0.12168824672698975,0.6563254594802856
-0.22755205631256104,0.23284757137298584,0.36533498764038086,-0.4780611991882324,0.1728527545928955,0.7285408973693848
-0.2898073196411133,0.08515071868896484,0.4205451011657715,-0.5861642360687256,0.0999213457107544,0.7525498867034912
-0.319303035736084,-0.03530198335647583,0.4241964817047119,-0.6328001022338867,-0.10879713296890259,0.7317526340484619
-0.2891589403152466,-0.18089991807937622,0.41060376167297363,-0.562050461769104,-0.44615471363067627,0.6417808532714844
-0.2549358606338501,-0.2983563542366028,0.35810065269470215,-0.46668219566345215,-0.6577743589878082,0.5138404369354248
-0.23032855987548828,-0.3679320216178894,0.30480337142944336,-0.4048243761062622,-0.7670222520828247,0.3972747325897217
-0.20910286903381348,-0.39567965269088745,0.2848505973815918,-0.35203611850738525,-0.8171563148498535,0.298999547958374
-0.19372618198394775,-0.42264217138290405,0.2575874328613281,-0.30638182163238525,-0.8503613322973251,0.20622849464416504
-0.18900179862976074,-0.4389572739601135,0.23440837860107422,-0.2831122875213623,-0.8660076558589935,0.15048003196716309
-0.18758368492126465,-0.4412962794303894,0.2284996509552002,-0.2622334957122803,-0.8692852556705475,0.13090109825134277
-0.18873929977416992,-0.4401361346244812,0.22862529754638672,-0.250774621963501,-0.8684733062982559,0.12397551536560059
-0.18998658657073975,-0.44172924757003784,0.22549152374267578,-0.2451319694519043,-0.8695469051599503,0.115020751953125
-0.19000864028930664,-0.44455987215042114,0.2206251621246338,-0.24577057361602783,-0.8723982721567154,0.11054515838623047
-0.1898106336593628,-0.4473077058792114,0.2154771089553833,-0.25098705291748047,-0.875595822930336,0.11012375354766846
-0.1895369291305542,-0.4502171277999878,0.20978200435638428,-0.25950074195861816,-0.8792572766542435,0.11333334445953369
-0.18938028812408447,-0.4529915452003479,0.2041001319885254,-0.2695878744125366,-0.8826014548540115,0.11880803108215332
-0.1895287036895752,-0.45591604709625244,0.19776380062103271,-0.28034090995788574,-0.8856508880853653,0.12459433078765869
-0.18990647792816162,-0.45860952138900757,0.19167006015777588,-0.2899031639099121,-0.8880222663283348,0.12939560413360596
-0.19046568870544434,-0.4603142738342285,0.18752515316009521,-0.29694807529449463,-0.8894214853644371,0.13459861278533936
-0.19173204898834229,-0.46086204051971436,0.18573212623596191,-0.2989170551300049,-0.8899818882346153,0.13434886932373047
-0.1926647424697876,-0.46104854345321655,0.18462884426116943,-0.29937267303466797,-0.8901133760809898,0.1318134069442749
-0.19296979904174805,-0.4615699052810669,0.18309783935546875,-0.2991849184036255,-0.8906086310744286,0.1290898323059082
-0.1929488182067871,-0.4622577428817749,0.1813112497329712,-0.2987513542175293,-0.8912726268172264,0.12631356716156006
-0.19379079341888428,-0.4625648856163025,0.17926502227783203,-0.29944682121276855,-0.8911918550729752,0.12105536460876465
-0.19608712196350098,-0.4620645046234131,0.17713165283203125,-0.30315709114074707,-0.889413371682167,0.11246585845947266
-0.19944500923156738,-0.46070605516433716,0.1752307415008545,-0.3108980655670166,-0.8857137113809586,0.10298490524291992
-0.2074648141860962,-0.4572995901107788,0.17539644241333008,-0.32996904850006104,-0.878263309597969,0.09758281707763672
